ccl_name,ccl_synonym,ccle_primary_site,ccle_hist_subtype_1,growth_mode,cells_per_well,culture_media,master_ccl_id,mut
U2OS,U-2 OS,BONE,,adherent,2000,DMEM001,1226,
MCF7,MCF7_CMAP,BREAST,,adherent,1000,DMEM001,646,
GAMG,,CENTRAL_NERVOUS_SYSTEM,,adherent,1000,DMEM001,268,
LN229,LN-229,CENTRAL_NERVOUS_SYSTEM,,adherent,2000,DMEM009,606,
SF295,SF-295,CENTRAL_NERVOUS_SYSTEM,,adherent,1000,RPMI001,1018,
HEC108,HEC-108,ENDOMETRIUM,,adherent,2000,EMEM002,350,
HEC151,HEC-151,ENDOMETRIUM,,adherent,2000,EMEM002,351,
HEC251,HEC-251,ENDOMETRIUM,,adherent,1000,EMEM002,354,
HEC265,HEC-265,ENDOMETRIUM,,adherent,1000,EMEM002,355,
HEC59,HEC-59,ENDOMETRIUM,,adherent,2000,EMEM002,357,
HEC6,HEC-6,ENDOMETRIUM,,adherent,1000,EMEM002,358,
ISHIKAWAHERAKLIO02ER,Ishikawa (Heraklio) 02 ER-,ENDOMETRIUM,,adherent,500,MEM002,479,
JHUEM2,JHUEM-2,ENDOMETRIUM,,adherent,3000,DMEMF12003,498,
KLE,,ENDOMETRIUM,,adherent,2000,DMEMF12003,534,
MFE319,MFE-319,ENDOMETRIUM,,adherent,1000,RPMI001,672,
SNGM,SNG-M,ENDOMETRIUM,,adherent,2000,HAMSF12002,1074,
AMO1,AMO-1,HEMATOPOIETIC_AND_LYMPHOID_TISSUE,PLASMA_CELL_MYELOMA,suspension,5000,RPMI003,49,
BL70,BL-70,HEMATOPOIETIC_AND_LYMPHOID_TISSUE,,suspension,3000,RPMI012,75,
EJM,,HEMATOPOIETIC_AND_LYMPHOID_TISSUE,PLASMA_CELL_MYELOMA,suspension,3000,IMDM002,240,
GDM1,GDM-1,HEMATOPOIETIC_AND_LYMPHOID_TISSUE,ACUTE_MYELOID_LEUKEMIA,suspension,1000,RPMI001,272,
HT,,HEMATOPOIETIC_AND_LYMPHOID_TISSUE,,suspension,5000,RPMI001,445,
KE97,KE-97,HEMATOPOIETIC_AND_LYMPHOID_TISSUE,PLASMA_CELL_MYELOMA,suspension,500,RPMI001,527,
KMS11,KMS-11,HEMATOPOIETIC_AND_LYMPHOID_TISSUE,PLASMA_CELL_MYELOMA,adherent,2000,RPMI001,545,
KU812,,HEMATOPOIETIC_AND_LYMPHOID_TISSUE,,suspension,500,RPMI001,576,
LP1,LP-1,HEMATOPOIETIC_AND_LYMPHOID_TISSUE,PLASMA_CELL_MYELOMA,adherent,10000,IMDM002,624,
MC116,,HEMATOPOIETIC_AND_LYMPHOID_TISSUE,,suspension,3000,RPMI003,643,
MOLM16,MOLM-16,HEMATOPOIETIC_AND_LYMPHOID_TISSUE,ACUTE_MYELOID_LEUKEMIA,suspension,5000,RPMI003,693,
NOMO1,NOMO-1,HEMATOPOIETIC_AND_LYMPHOID_TISSUE,ACUTE_MYELOID_LEUKEMIA,suspension,1000,RPMI001,858,
NUDUL1,NU-DUL-1,HEMATOPOIETIC_AND_LYMPHOID_TISSUE,,suspension,3000,RPMI014,875,
OCIAML3,OCI-AML3,HEMATOPOIETIC_AND_LYMPHOID_TISSUE,ACUTE_MYELOID_LEUKEMIA,suspension,500,ALPHAMEM001,885,
OCILY10,OCI-LY10,HEMATOPOIETIC_AND_LYMPHOID_TISSUE,DIFFUSE_LARGE_B_CELL_LYMPHOMA,suspension,5000,IMDM001,887,
P3HR1,P3HR-1,HEMATOPOIETIC_AND_LYMPHOID_TISSUE,,suspension,2000,RPMI003,919,
PL21,PL-21,HEMATOPOIETIC_AND_LYMPHOID_TISSUE,ACUTE_MYELOID_LEUKEMIA,suspension,500,RPMI001,947,
RPMI8226,RPMI 8226,HEMATOPOIETIC_AND_LYMPHOID_TISSUE,PLASMA_CELL_MYELOMA,suspension,5000,RPMI001,992,
SKM1,SKM-1,HEMATOPOIETIC_AND_LYMPHOID_TISSUE,ACUTE_MYELOID_LEUKEMIA,suspension,3000,RPMI001,1039,
SUDHL4,SU-DHL-4,HEMATOPOIETIC_AND_LYMPHOID_TISSUE,DIFFUSE_LARGE_B_CELL_LYMPHOMA,suspension,2000,RPMI014,1141,
SUDHL5,SU-DHL-5,HEMATOPOIETIC_AND_LYMPHOID_TISSUE,DIFFUSE_LARGE_B_CELL_LYMPHOMA,suspension,2000,RPMI003,1142,
THP1,THP-1,HEMATOPOIETIC_AND_LYMPHOID_TISSUE,ACUTE_MYELOID_LEUKEMIA,suspension,2000,RPMI001,1201,
U937,U-937,HEMATOPOIETIC_AND_LYMPHOID_TISSUE,DIFFUSE_LARGE_B_CELL_LYMPHOMA,suspension,1000,RPMI001,1231,
WSUDLCL2,WSU-DLCL2,HEMATOPOIETIC_AND_LYMPHOID_TISSUE,DIFFUSE_LARGE_B_CELL_LYMPHOMA,suspension,2000,RPMI001,1274,
RCC10RGB,,KIDNEY,,adherent,1000,DMEM001,956,
VMRCRCW,VMRC-RCW,KIDNEY,,adherent,2000,RPMI001,1253,
C2BBE1,C2BBe1,LARGE_INTESTINE,,adherent,2000,DMEM003,102,
CL34,CL-34,LARGE_INTESTINE,,adherent,2000,DMEM006,149,
CL40,CL-40,LARGE_INTESTINE,,adherent,2000,DMEM006,150,
COLO205,COLO 205;COLO 201_COLO 205,LARGE_INTESTINE,,adherent,1000,RPMI001,156,
COLO320,COLO-320;COLO-320-HSR,LARGE_INTESTINE,,adherent,500,RPMI001,157,
COLO678,COLO-678,LARGE_INTESTINE,,adherent,1000,RPMI001,160,
CW2,CW-2,LARGE_INTESTINE,,adherent,2000,RPMI001,190,
DLD1,DLD-1,LARGE_INTESTINE,,adherent,1000,RPMI001,212,
GP2D,GP2d,LARGE_INTESTINE,,adherent,500,DMEMF12001,282,
HCT116,HCT 116,LARGE_INTESTINE,,adherent,500,MCCOYS5A001,343,
HCT8,HCT-8,LARGE_INTESTINE,,adherent,1000,RPMI001,346,
HT115,,LARGE_INTESTINE,,adherent,2000,DMEM001,447,
HT29,HT-29,LARGE_INTESTINE,,adherent,2000,MCCOYS5A001,451,
HT55,,LARGE_INTESTINE,,adherent,1000,EMEM003,452,
KM12,,LARGE_INTESTINE,,adherent,1000,RPMI001,536,
LOVO,LoVo,LARGE_INTESTINE,,adherent,2000,HAMSF12001,622,
LS123,,LARGE_INTESTINE,,adherent,2000,EMEM001,627,
LS180,LS 180,LARGE_INTESTINE,,adherent,2000,EMEM001,630,
LS411N,,LARGE_INTESTINE,,adherent,1000,RPMI001,631,
LS513,,LARGE_INTESTINE,,adherent,1000,RPMI001,632,
MDST8,,LARGE_INTESTINE,,adherent,2000,DMEM005,661,
NCIH508,NCI-H508;H-508;H508,LARGE_INTESTINE,,adherent,1000,RPMI001,128003,
RCM1,RCM-1,LARGE_INTESTINE,,adherent,2000,RPMIF12001,960,
RKO,,LARGE_INTESTINE,,adherent,1000,MEM001,979,
SKCO1,SK-CO-1,LARGE_INTESTINE,,adherent,2000,EMEM001,1034,
SNU1040,SNU-1040;NCI-SNU-1040,LARGE_INTESTINE,,adherent,1000,RPMI001,1077,
SNU175,SNU-175;NCI-SNU-175,LARGE_INTESTINE,,mixed,3000,RPMI001,1090,
SNU61,SNU-61;NCI-SNU-61,LARGE_INTESTINE,,adherent,2000,RPMI001,1115,
SNU81,SNU-81;NCI-SNU-81,LARGE_INTESTINE,,adherent,2000,RPMI001,1124,
SNUC2A,SNU-C2A,LARGE_INTESTINE,,adherent,2000,RPMI001,1131,
SNUC4,SNU-C4,LARGE_INTESTINE,,adherent,1000,RPMI001,1133,
SNUC5,SNU-C5,LARGE_INTESTINE,,adherent,1000,RPMI001,1134,
SW403,,LARGE_INTESTINE,,adherent,2000,RPMI001,1161,
SW48,,LARGE_INTESTINE,,adherent,1000,RPMI001,1162,
SW480,SW480_SW620;SW-480,LARGE_INTESTINE,,adherent,1000,L15001,1163,
SW620,SW480_SW620,LARGE_INTESTINE,,adherent,1000,L15001,1166,
SW948,,LARGE_INTESTINE,,adherent,2000,RPMI001,1170,
HEPG2,Hep G2;Hep G2_C3A,LIVER,,adherent,2000,DMEM001,366,
JHH6,JHH-6,LIVER,,adherent,2000,WilliamsE001,490,
SNU398,SNU-398;NCI-SNU-398,LIVER,,adherent,2000,RPMI001,1101,
SNU449,SNU-449;NCI-SNU-449,LIVER,,adherent,2000,RPMI008,1105,
A549,A549/ATCC,LUNG,NON_SMALL_CELL_CARCINOMA,adherent,1000,RPMI001,35,
BEN,,LUNG,,adherent,2000,DMEM001,60,
CAL12T,CAL-12T,LUNG,NON_SMALL_CELL_CARCINOMA,adherent,1000,DMEM001,112,
CALU3,Calu-3,LUNG,ADENOCARCINOMA,adherent,2000,EMEM001,123,
CALU6,Calu-6;Cale-6,LUNG,,adherent,1000,RPMI001,124,
CHAGOK1,ChaGo-K-1,LUNG,,adherent,1000,RPMI007,141,
COLO668,COLO 668,LUNG,SMALL_CELL_CARCINOMA,adherent,2000,RPMI007,158,
COLO699,COLO-699,LUNG,ADENOCARCINOMA,adherent,2000,RPMI001,164,
CORL23,COR-L23;COR-L23/5010;COR-L23/CPR;COR-L 23/CPR,LUNG,LARGE_CELL_CARCINOMA,adherent,500,RPMI007,175,
CORL279,COR-L279,LUNG,SMALL_CELL_CARCINOMA,suspension,5000,RPMI007,178,
CORL51,COR-L51,LUNG,SMALL_CELL_CARCINOMA,suspension,5000,RPMI007,181,
CORL88,COR-L88,LUNG,SMALL_CELL_CARCINOMA,adherent,2000,RPMI007,182,
DMS273,DMS 273,LUNG,SMALL_CELL_CARCINOMA,adherent,2000,WAYMOUTH001,217,
DV90,DV-90,LUNG,ADENOCARCINOMA,adherent,3000,RPMI002,227,
EBC1,EBC-1,LUNG,SQUAMOUS_CELL_CARCINOMA,adherent,1000,MEM001,230,
EPLC272H,EPLC-272H,LUNG,SQUAMOUS_CELL_CARCINOMA,adherent,2000,RPMI003,246,
HARA,,LUNG,SQUAMOUS_CELL_CARCINOMA,adherent,2000,RPMI001,293,
HCC1195,HCC-1195,LUNG,,adherent,2000,RPMI001,298,
HCC1359,HCC-1359,LUNG,LARGE_CELL_CARCINOMA,adherent,1000,RPMI001,299,
HCC15,HCC-15,LUNG,SQUAMOUS_CELL_CARCINOMA,adherent,500,RPMI001,304,
HCC1833,HCC-1833,LUNG,ADENOCARCINOMA,adherent,2000,RPMI001,310,
HCC2108,HCC-2108,LUNG,ADENOCARCINOMA,adherent,2000,RPMI001,316,
HCC2935,,LUNG,NON_SMALL_CELL_CARCINOMA,adherent,1000,RPMI001,324,
HCC33,HCC-33,LUNG,SMALL_CELL_CARCINOMA,adherent,3000,RPMI003,326,
HCC4006,,LUNG,ADENOCARCINOMA,adherent,1000,RPMI001,331,
HCC44,HCC-44,LUNG,ADENOCARCINOMA,adherent,1000,RPMI001,332,
HCC78,HCC-78,LUNG,ADENOCARCINOMA,adherent,1000,RPMI001,339,
HCC827,,LUNG,ADENOCARCINOMA,adherent,2000,RPMI001,340,
KNS62,KNS-62,LUNG,SQUAMOUS_CELL_CARCINOMA,adherent,500,MEM001,558,
LC1SQSF,LC-1/sq-SF;LC-1 sq,LUNG,SQUAMOUS_CELL_CARCINOMA,adherent,1000,RPMIF12001,598,
LCLC103H,LCLC-103H,LUNG,LARGE_CELL_CARCINOMA,adherent,1000,RPMI001,599,
LCLC97TM1,LCLC-97TM1,LUNG,LARGE_CELL_CARCINOMA,adherent,2000,RPMI003,600,
LU65,,LUNG,NON_SMALL_CELL_CARCINOMA,adherent,5000,RPMI008,633,
LU99,,LUNG,LARGE_CELL_CARCINOMA,adherent,1000,RPMI001,634,
LXF289,LXF-289,LUNG,ADENOCARCINOMA,adherent,1000,HAMSF10001,636,
NCIH1048,NCI-H1048;H-1048;H1048,LUNG,SMALL_CELL_CARCINOMA,adherent,2000,RPMI004,155380,
NCIH1105,NCI-H1105;H-1105;H1105,LUNG,SMALL_CELL_CARCINOMA,suspension,5000,RPMI004,155387,
NCIH1299,NCI-H1299;H1299;ncih1299;H-1299,LUNG,NON_SMALL_CELL_CARCINOMA,adherent,500,RPMI001,155395,
NCIH1355,NCI-H1355;H1355;ncih1355;H-1355,LUNG,ADENOCARCINOMA,adherent,2000,RPMI005,155401,
NCIH1373,NCI-H1373;H1373;ncih1373;H-1373,LUNG,ADENOCARCINOMA,adherent,1000,RPMI001,155402,
NCIH1435,NCI-H1435;H1435;ncih1435;H-1435,LUNG,NON_SMALL_CELL_CARCINOMA,adherent,2000,RPMI001,155407,
NCIH1437,NCI-H1437;H1437;ncih1437;H-1437,LUNG,ADENOCARCINOMA,adherent,1000,RPMI001,155409,
NCIH1568,NCI-H1568;H1568;ncih1568;H-1568,LUNG,NON_SMALL_CELL_CARCINOMA,adherent,2000,RPMI001,155422,
NCIH1573,NCI-H1573;H1573;ncih1573;H-1573,LUNG,ADENOCARCINOMA,adherent,2000,RPMI005,155424,
NCIH1666,NCI-H1666;H1666;ncih1666;H-1666,LUNG,BRONCHIOLOALVEOLAR_ADENOCARCINOMA,adherent,2000,RPMI005,127983,
NCIH1694,NCI-H1694;H-1694;H1694,LUNG,SMALL_CELL_CARCINOMA,suspension,5000,RPMI004,155440,
NCIH1755,NCI-H1755;H1755;ncih1755;H-1755,LUNG,ADENOCARCINOMA,adherent,2000,RPMI001,127984,
NCIH1781,NCI-H1781;H1781;ncih1781;H-1781,LUNG,BRONCHIOLOALVEOLAR_ADENOCARCINOMA,adherent,2000,RPMI001,155448,
NCIH1792,NCI-H1792;H1792;ncih1792;H-1792,LUNG,ADENOCARCINOMA,adherent,1000,RPMI001,155450,
NCIH1793,NCI-H1793;H1793;ncih1793;H-1793,LUNG,NON_SMALL_CELL_CARCINOMA,adherent,1000,DMEMF12002,155451,
NCIH1836,NCI-H1836;H-1836;H1836,LUNG,SMALL_CELL_CARCINOMA,suspension,3000,DMEMF12002,155454,
NCIH1876,NCI-H1876;H-1876;H1876,LUNG,SMALL_CELL_CARCINOMA,adherent,3000,DMEMF12002,155458,
NCIH1915,NCI-H1915;H1915;ncih1915;H-1915,LUNG,LARGE_CELL_CARCINOMA,adherent,2000,RPMI011,155463,
NCIH1930,NCI-H1930;H-1930;H1930,LUNG,SMALL_CELL_CARCINOMA,suspension,5000,RPMI001,155466,
NCIH1944,NCI-H1944;H1944;ncih1944;H-1944,LUNG,NON_SMALL_CELL_CARCINOMA,adherent,1000,RPMI001,155467,
NCIH1963,NCI-H1963;H-1963;H1963,LUNG,SMALL_CELL_CARCINOMA,suspension,5000,RPMI001,155469,
NCIH1975,NCI-H1975;H1975;ncih1975;H-1975,LUNG,NON_SMALL_CELL_CARCINOMA,adherent,1000,RPMI001,127985,
NCIH2009,NCI-H2009;H2009;ncih2009;H-2009,LUNG,ADENOCARCINOMA,adherent,1000,RPMI001,155476,
NCIH2023,NCI-H2023;H2023;ncih2023;H-2023,LUNG,ADENOCARCINOMA,adherent,2000,DMEMF12002,155477,
NCIH2029,NCI-H2029;H-2029;H2029,LUNG,SMALL_CELL_CARCINOMA,adherent,1000,DMEMF12002,155479,
NCIH2030,NCI-H2030;H2030;ncih2030;H-2030,LUNG,NON_SMALL_CELL_CARCINOMA,adherent,2000,RPMI001,155480,
NCIH2073,NCI-H2073;H2073;ncih2073;H-2073,LUNG,ADENOCARCINOMA,adherent,2000,RPMI001,155485,
NCIH2081,NCI-H2081;H-2081;H2081,LUNG,SMALL_CELL_CARCINOMA,suspension,3000,DMEMF12002,155487,
NCIH2110,NCI-H2110;H2110;ncih2110;H-2110,LUNG,NON_SMALL_CELL_CARCINOMA,adherent,500,RPMI001,155493,
NCIH2122,NCI-H2122;H2122;ncih2122;H-2122,LUNG,ADENOCARCINOMA,adherent,1000,RPMI001,127990,
NCIH2126,NCI-H2126;H2126;ncih2126;H-2126,LUNG,ADENOCARCINOMA,adherent,1000,DMEMF12002,155494,
NCIH2141,NCI-H2141;H-2141;H2141,LUNG,SMALL_CELL_CARCINOMA,suspension,10000,DMEMF12002,155496,
NCIH2172,NCI-H2172;H2172;ncih2172;H-2172,LUNG,NON_SMALL_CELL_CARCINOMA,adherent,2000,RPMI001,155500,
NCIH2286,NCI-H2286;H-2286;H2286,LUNG,SMALL_CELL_CARCINOMA,adherent,2000,RPMI001,155510,
NCIH23,NCI-H23;H23;ncih23;H-23,LUNG,NON_SMALL_CELL_CARCINOMA,adherent,1000,RPMI001,127991,
NCIH2342,NCI-H2342;H2342;ncih2342;H-2342,LUNG,ADENOCARCINOMA,adherent,2000,RPMI004,155513,
NCIH2405,NCI-H2405;H2405;ncih2405;H-2405,LUNG,ADENOCARCINOMA,adherent,2000,RPMI001,155518,
NCIH3255,NCI-H3255;H3255;ncih3255;H-3255,LUNG,ADENOCARCINOMA,adherent,1000,RPMI001,155524,
NCIH358,NCI-H358;H358;ncih358;H-358,LUNG,BRONCHIOLOALVEOLAR_ADENOCARCINOMA,adherent,1000,RPMI001,127997,
NCIH441,NCI-H441;H441;ncih441;H-441,LUNG,ADENOCARCINOMA,adherent,1000,RPMI001,127999,
NCIH460,NCI-H460;H460;ncih460;H-460,LUNG,LARGE_CELL_CARCINOMA,adherent,2000,RPMI001,128001,
NCIH522,NCI-H522;H522;ncih522;H-522,LUNG,NON_SMALL_CELL_CARCINOMA,adherent,2000,RPMI001,155325,
NCIH596,NCI-H596;H596;ncih596;H-596,LUNG,,adherent,500,RPMI001,128004,
NCIH650,NCI-H650;H650;ncih650;H-650,LUNG,BRONCHIOLOALVEOLAR_ADENOCARCINOMA,adherent,2000,DMEMF12003,155340,
NCIH661,NCI-H661;H661;ncih661;H-661,LUNG,LARGE_CELL_CARCINOMA,adherent,2000,RPMI005,128005,
NCIH727,NCI-H727;H-727;H727,LUNG,,adherent,2000,RPMI001,155352,
NCIH810,NCI-H810;H810;ncih810;H-810,LUNG,LARGE_CELL_CARCINOMA,adherent,2000,DMEMF12002,155362,
NCIH82,NCI-H82;H-82;H82,LUNG,SMALL_CELL_CARCINOMA,suspension,5000,RPMI001,155288,
NCIH841,NCI-H841;H-841;H841,LUNG,SMALL_CELL_CARCINOMA,adherent,2000,DMEMF12002,155366,
RERFLCKJ,RERF-LC-KJ,LUNG,NON_SMALL_CELL_CARCINOMA,adherent,2000,RPMI001,970,
SCLC21H,SCLC-21H,LUNG,SMALL_CELL_CARCINOMA,suspension,5000,DMEM001,1011,
SHP77,SHP-77,LUNG,SMALL_CELL_CARCINOMA,mixed,1000,RPMI001,1026,
SKLU1,SK-LU-1,LUNG,ADENOCARCINOMA,adherent,2000,ALPHAMEM001,1038,
SQ1,Sq-1,LUNG,SQUAMOUS_CELL_CARCINOMA,adherent,1000,RPMI001,1135,
T3M10,T3M-10,LUNG,LARGE_CELL_CARCINOMA,adherent,2000,HAMSF12001,1173,
VMRCLCD,VMRC-LCD,LUNG,ADENOCARCINOMA,adherent,2000,MEM001,1251,
KYSE140,KYSE-140,OESOPHAGUS,,adherent,1000,RPMI001,580,
KYSE410,KYSE-410,OESOPHAGUS,,adherent,1000,RPMI001,585,
KYSE450,KYSE-450,OESOPHAGUS,,adherent,2000,RPMIF12001,586,
A2780,,OVARY,,adherent,2000,RPMI001,29,
CAOV3,Caov-3,OVARY,,adherent,2000,DMEM001,126,
COV318,,OVARY,,adherent,2000,DMEM005,184,
COV362,,OVARY,,adherent,2000,DMEM005,185,
COV434,,OVARY,,adherent,2000,DMEM005,186,
COV644,,OVARY,,adherent,2000,DMEM005,188,
EFO21,EFO-21,OVARY,,adherent,2000,RPMI010,237,
EFO27,EFO-27,OVARY,,adherent,1000,RPMI010,238,
HEYA8,Hey-A8,OVARY,,adherent,500,EMEM003,367,
IGROV1,I-GROV-1,OVARY,,adherent,2000,RPMI001,473,
JHOC5,JHOC-5,OVARY,,adherent,2000,DMEMF12004,492,
JHOM1,JHOM-1,OVARY,,adherent,1000,DMEMF12004,493,
JHOS4,JHOS-4,OVARY,,adherent,2000,DMEMF12004,496,
OAW42,,OVARY,,adherent,2000,DMEM007,880,
OV7,,OVARY,,adherent,2000,DMEMF12007,906,
OV90,OV-90,OVARY,,adherent,1000,MCDB001,907,
OVCAR4,OVCAR-4,OVARY,,adherent,500,RPMI001,908,
OVCAR8,OVCAR-8,OVARY,,adherent,500,RPMI001,910,
OVK18,,OVARY,,adherent,1000,MEM001,912,
OVKATE,,OVARY,,adherent,2000,RPMI001,913,
OVMANA,,OVARY,,adherent,2000,RPMI001,914,
RMGI,RMG-I,OVARY,,adherent,1000,HAMSF12001,983,
RMUGS,RMUG-S,OVARY,,adherent,2000,HAMSF12001,985,
SKOV3,SK-OV-3,OVARY,,adherent,2000,MCCOYS5A001,1059,
SNU840,SNU-840;NCI-SNU-840,OVARY,,adherent,1000,RPMI001,1125,
TYKNU,TYK-nu,OVARY,,adherent,2000,EMEM001,1217,
CAPAN2,Capan-2,PANCREAS,,adherent,2000,MCCOYS5A001,129,
CFPAC1,CFPAC-1,PANCREAS,,adherent,2000,DMEM001,138,
HPAC,,PANCREAS,,adherent,1000,DMEMF12002,384,
HUPT4,HUP-T4,PANCREAS,,adherent,1000,MEM001,463,
KP3,KP-3,PANCREAS,,adherent,2000,RPMI001,567,
PANC0327,Panc 03.27;PANC03.27,PANCREAS,,adherent,2000,RPMI009,922,
PANC1005,Panc 10.05;PANC10.05,PANCREAS,,adherent,1000,RPMI006,927,
PATU8902,PA-TU-8902,PANCREAS,,adherent,1000,DMEM001,928,
QGP1,QGP-1,PANCREAS,,adherent,1000,RPMI001,954,
SUIT2,SUIT-2,PANCREAS,,adherent,1000,RPMI001,1145,
MSTO211H,MSTO-211H,PLEURA,,adherent,1000,RPMI001,706,
NCIH2052,NCI-H2052;H-2052;H2052,PLEURA,,adherent,2000,RPMI001,155481,
NCIH28,NCI-H28;H-28;H28,PLEURA,,adherent,1000,RPMI001,155285,
PC3,PC-3,PROSTATE,,adherent,1000,F12K001,932,
A375,A-375;CRL-1619;A-375_CMAP,SKIN,,adherent,1000,DMEM001,30,
COLO741,COLO 741,SKIN,,adherent,2000,RPMI001,166,
G361,G-361;G-361_CMAP,SKIN,,adherent,2000,RPMI001,263,
HS852T,Hs 852.T;HS852.T,SKIN,,adherent,2000,DMEM002,428,
HS936T,Hs 936.T;HS936.T,SKIN,,adherent,2000,DMEM002,437,
HS944T,Hs 944.T;Hs 944.T_CMAP;HS944.T,SKIN,,adherent,2000,RPMI001,440,
SKMEL1,SK-MEL-1,SKIN,,suspension,500,EMEM001,1040,
SKMEL28,SK-MEL-28;SK-MEL-28_CMAP,SKIN,,adherent,2000,EMEM001,1043,
SKMEL5,SK-MEL-5,SKIN,,adherent,1000,EMEM001,1047,
G401,G-401,SOFT_TISSUE,,adherent,2000,MCCOYS5A001,264,
HT1080,HT-1080,SOFT_TISSUE,,adherent,2000,MEMA001,446,
RKN,,SOFT_TISSUE,,adherent,1000,HAMSF12001,978,
AGS,,STOMACH,,adherent,1000,F12K001,44,
FU97,,STOMACH,,adherent,2000,DMEM004,259,
MKN7,,STOMACH,,adherent,2000,RPMI001,684,
MKN74,,STOMACH,,adherent,2000,RPMI001,685,
NUGC4,NUGC-4,STOMACH,,mixed,2000,RPMI001,878,
SH10TC,SH-10-TC,STOMACH,,adherent,2000,RPMI001,1024,
HSC2,HSC-2,UPPER_AERODIGESTIVE_TRACT,,adherent,500,EMEM001,441,
SCC9,SCC-9,UPPER_AERODIGESTIVE_TRACT,,adherent,2000,DMEMF12005,1010,
5637,,URINARY_TRACT,,adherent,2000,RPMI001,3,
HT1376,HT-1376,URINARY_TRACT,,adherent,1000,EMEM003,449,
KMBC2,KMBC-2,URINARY_TRACT,,adherent,2000,HAMSF12001,537,
RT4,,URINARY_TRACT,,adherent,500,MCCOYS5A001,999,
UMUC3,UM-UC-3,URINARY_TRACT,,adherent,2000,EMEM001,1244,