GENE_NAME, ACCESSION_NUMBER, GENE_CDS_LENGTH, HGNC_ID, SAMPLE_NAME, ID_SAMPLE, ID_TUMOUR, PRIMARY_SITE, SITE_SUBTYPE_1, SITE_SUBTYPE_2, SITE_SUBTYPE_3, PRIMARY_HISTOLOGY, HISTOLOGY_SUBTYPE_1, HISTOLOGY_SUBTYPE_2, HISTOLOGY_SUBTYPE_3, GENOME_WIDE_SCREEN, GENOMIC_MUTATION_ID, LEGACY_MUTATION_ID, MUTATION_ID, MUTATION_CDS, MUTATION_AA, MUTATION_DESCRIPTION, MUTATION_ZYGOSITY, LOH, GRCH, MUTATION_GENOME_POSITION, MUTATION_STRAND, SNP, RESISTANCE_MUTATION, FATHMM_PREDICTION, FATHMM_SCORE, MUTATION_SOMATIC_STATUS, PUBMED_PMID, ID_STUDY, SAMPLE_TYPE, TUMOUR_ORIGIN, AGE
OIT3,ENST00000334011.9,1638,29953,HCC2108,2776297,2634433,lung,NS,NS,NS,carcinoma,adenocarcinoma,NS,NS,y,COSV99081155,COSM7380990,93001472,c.1561G>T,p.A521S,Substitution - Missense,null,null,38,10:72932447-72932447,+,n,-,NEUTRAL,0.17195,Confirmed somatic variant,29681454,null,NS,NS,null
ZNF440,ENST00000304060.9,1788,20874,HCC2108,2776297,2634433,lung,NS,NS,NS,carcinoma,adenocarcinoma,NS,NS,y,COSV99066046,COSM7399143,85959595,c.232A>T,p.S78C,Substitution - Missense,null,null,38,19:11831408-11831408,+,n,-,NEUTRAL,0.05985,Confirmed somatic variant,29681454,null,NS,NS,null
OXCT1,ENST00000196371.9,1563,8527,HCC2108,2776297,2634433,lung,NS,NS,NS,carcinoma,adenocarcinoma,NS,NS,y,COSV99079296,COSM7382121,85090806,c.320A>T,p.Q107L,Substitution - Missense,null,null,38,5:41853513-41853513,+,n,-,PATHOGENIC,0.98938,Confirmed somatic variant,29681454,null,NS,NS,null
TP53_ENST00000610538,ENST00000610538.4,924,11998,HCC2108,2776297,2634433,lung,NS,NS,NS,carcinoma,adenocarcinoma,NS,NS,y,COSV52667239,COSM342245,143373874,c.344G>T,p.G115V,Substitution - Missense,null,null,38,17:7675151-7675151,+,n,-,PATHOGENIC,0.98016,Confirmed somatic variant,29681454,null,NS,NS,null
TMEM132C,ENST00000435159.2,3327,25436,HCC2108,2776297,2634433,lung,NS,NS,NS,carcinoma,adenocarcinoma,NS,NS,y,COSV99043574,COSM7394106,108906267,c.1269C>A,p.S423R,Substitution - Missense,null,null,38,12:128616299-128616299,+,n,-,PATHOGENIC,0.88563,Confirmed somatic variant,29681454,null,NS,NS,null
TP53_ENST00000610292,ENST00000610292.4,1065,11998,HCC2108,2776297,2634433,lung,NS,NS,NS,carcinoma,adenocarcinoma,NS,NS,y,COSV52667239,COSM342245,142562699,c.344G>T,p.G115V,Substitution - Missense,null,null,38,17:7675151-7675151,+,n,-,PATHOGENIC,0.98016,Confirmed somatic variant,29681454,null,NS,NS,null
ANKRD50_ENST00000515641,ENST00000515641.1,3753,29223,HCC2108,2776297,2634433,lung,NS,NS,NS,carcinoma,adenocarcinoma,NS,NS,y,COSV99073518,COSM7355704,122980339,c.3059C>A,p.A1020E,Substitution - Missense,null,null,38,4:124669681-124669681,+,n,-,PATHOGENIC,0.99295,Confirmed somatic variant,29681454,null,NS,NS,null
OGDHL_ENST00000419399,ENST00000419399.4,2862,25590,HCC2108,2776297,2634433,lung,NS,NS,NS,carcinoma,adenocarcinoma,NS,NS,y,COSV99055094,COSM7380967,105896249,c.715A>T,p.M239L,Substitution - Missense,null,null,38,10:49750849-49750849,+,y,-,PATHOGENIC,0.99027,Confirmed somatic variant,29681454,null,NS,NS,null
NPEPL1_ENST00000525817,ENST00000525817.5,1428,16244,HCC2108,2776297,2634433,lung,NS,NS,NS,carcinoma,adenocarcinoma,NS,NS,y,COSV99049437,COSM7380149,126714842,c.1292G>T,p.G431V,Substitution - Missense,null,null,38,20:58715190-58715190,+,n,-,PATHOGENIC,0.94314,Confirmed somatic variant,29681454,null,NS,NS,null
FOXP2_ENST00000393491,ENST00000393491.7,1593,13875,HCC2108,2776297,2634433,lung,NS,NS,NS,carcinoma,adenocarcinoma,NS,NS,y,COSV99052972,COSM7368678,101603610,c.991-1419G>A,p.?,Unknown,null,null,38,7:114658153-114658153,+,n,-,PATHOGENIC,0.99221,Confirmed somatic variant,29681454,null,NS,NS,null
TMEM132A_ENST00000453848,ENST00000453848.6,3072,31092,HCC2108,2776297,2634433,lung,NS,NS,NS,carcinoma,adenocarcinoma,NS,NS,y,COSV99070844,COSM7394082,113423134,c.1960G>A,p.G654S,Substitution - Missense,null,null,38,11:60935375-60935375,+,n,-,PATHOGENIC,0.85329,Confirmed somatic variant,29681454,null,NS,NS,null
ADGRL2_ENST00000370723,ENST00000370723.5,4386,18582,HCC2108,2776297,2634433,lung,NS,NS,NS,carcinoma,adenocarcinoma,NS,NS,y,COSV54683879,COSM5518177,96775066,c.2122C>T,p.R708W,Substitution - Missense,null,null,38,1:81966433-81966433,+,y,-,PATHOGENIC,0.93113,Confirmed somatic variant,29681454,null,NS,NS,null
GON4L_ENST00000437809,ENST00000437809.5,6723,25973,HCC2108,2776297,2634433,lung,NS,NS,NS,carcinoma,adenocarcinoma,NS,NS,y,COSV99041817,COSM7369765,110474474,c.4709C>G,p.T1570S,Substitution - Missense,null,null,38,1:155763329-155763329,+,n,-,PATHOGENIC,0.77716,Confirmed somatic variant,29681454,null,NS,NS,null
TP53_ENST00000359597,ENST00000359597.8,1032,11998,HCC2108,2776297,2634433,lung,NS,NS,NS,carcinoma,adenocarcinoma,NS,NS,y,COSV52667239,COSM342245,93186599,c.461G>T,p.G154V,Substitution - Missense,null,null,38,17:7675151-7675151,+,n,-,PATHOGENIC,0.98016,Confirmed somatic variant,29681454,null,NS,NS,null
FGA_ENST00000403106,ENST00000403106.7,1935,3661,HCC2108,2776297,2634433,lung,NS,NS,NS,carcinoma,adenocarcinoma,NS,NS,y,COSV99042801,COSM7368159,105213857,c.1227C>G,p.D409E,Substitution - Missense,null,null,38,4:154586202-154586202,+,n,-,PATHOGENIC,0.76847,Confirmed somatic variant,29681454,null,NS,NS,null
SLC4A5_ENST00000377632,ENST00000377632.5,3123,18168,HCC2108,2776297,2634433,lung,NS,NS,NS,carcinoma,adenocarcinoma,NS,NS,y,COSV99053695,COSM7390668,100992442,c.1456G>T,p.E486*,Substitution - Nonsense,null,null,38,2:74252201-74252201,+,n,-,PATHOGENIC,0.98679,Confirmed somatic variant,29681454,null,NS,NS,null
RBM10_ENST00000345781,ENST00000345781.10,2562,9896,HCC2108,2776297,2634433,lung,NS,NS,NS,carcinoma,adenocarcinoma,NS,NS,y,COSV99051447,COSM7387016,90894196,c.764G>T,p.R255L,Substitution - Missense,null,null,38,23:47179973-47179973,+,n,-,PATHOGENIC,0.97333,Confirmed somatic variant,29681454,null,NS,NS,null
MFAP5_ENST00000543369,ENST00000543369.5,456,29673,HCC2108,2776297,2634433,lung,NS,NS,NS,carcinoma,adenocarcinoma,NS,NS,y,COSV99053684,COSM7376986,132642234,c.379A>G,p.R127G,Substitution - Missense,null,null,38,12:8648168-8648168,+,n,-,PATHOGENIC,0.71519,Confirmed somatic variant,29681454,null,NS,NS,null
FUS_ENST00000568685,ENST00000568685.1,1584,4010,HCC2108,2776297,2634433,lung,NS,NS,NS,carcinoma,adenocarcinoma,NS,NS,y,COSV99038737,COSM7368939,137061920,c.1397-2A>G,p.?,Unknown,null,null,38,16:31190961-31190961,+,n,-,PATHOGENIC,0.92838,Confirmed somatic variant,29681454,null,NS,NS,null
ARID4B,ENST00000366603.6,3939,15550,HCC2108,2776297,2634433,lung,NS,NS,NS,carcinoma,adenocarcinoma,NS,NS,y,COSV99050716,COSM7356410,94737006,c.3607G>A,p.D1203N,Substitution - Missense,null,null,38,1:235175241-235175241,+,n,-,NEUTRAL,0.44076,Confirmed somatic variant,29681454,null,NS,NS,null
TMEM234_ENST00000373593,ENST00000373593.5,543,28837,HCC2108,2776297,2634433,lung,NS,NS,NS,carcinoma,adenocarcinoma,NS,NS,y,COSV99046742,COSM7394250,94041951,c.16G>T,p.G6W,Substitution - Missense,null,null,38,1:32222307-32222307,+,n,-,PATHOGENIC,0.87177,Confirmed somatic variant,29681454,null,NS,NS,null
FAR2_ENST00000547116,ENST00000547116.5,1257,25531,HCC2108,2776297,2634433,lung,NS,NS,NS,carcinoma,adenocarcinoma,NS,NS,y,COSV99075151,COSM7367602,133166077,c.-102-22814A>T,p.?,Unknown,null,null,38,12:29270486-29270486,+,n,-,PATHOGENIC,0.87572,Confirmed somatic variant,29681454,null,NS,NS,null
PTGER3_ENST00000370932,ENST00000370932.6,1167,9595,HCC2108,2776297,2634433,lung,NS,NS,NS,carcinoma,adenocarcinoma,NS,NS,y,COSV99053170,COSM7386052,97780681,c.65C>A,p.T22K,Substitution - Missense,null,null,38,1:71047513-71047513,+,n,-,NEUTRAL,0.12507,Confirmed somatic variant,29681454,null,NS,NS,null
REG1B,ENST00000305089.7,501,9952,HCC2108,2776297,2634433,lung,NS,NS,NS,carcinoma,adenocarcinoma,NS,NS,y,COSV59308247,COSM722378,86855193,c.434G>T,p.G145V,Substitution - Missense,null,null,38,2:79085283-79085283,+,n,-,NEUTRAL,0.05929,Confirmed somatic variant,29681454,null,NS,NS,null
ATG4C_ENST00000371120,ENST00000371120.7,1377,16040,HCC2108,2776297,2634433,lung,NS,NS,NS,carcinoma,adenocarcinoma,NS,NS,y,COSV99049440,COSM7356827,93886792,c.350A>T,p.Q117L,Substitution - Missense,null,null,38,1:62816764-62816764,+,n,-,PATHOGENIC,0.98854,Confirmed somatic variant,29681454,null,NS,NS,null
FAM189A2_ENST00000303068,ENST00000303068.12,1812,24820,HCC2108,2776297,2634433,lung,NS,NS,NS,carcinoma,adenocarcinoma,NS,NS,y,COSV99058666,COSM7367239,85139651,c.1316C>G,p.A439G,Substitution - Missense,null,null,38,9:69388158-69388158,+,n,-,NEUTRAL,0.4797,Confirmed somatic variant,29681454,null,NS,NS,null
GON4L,ENST00000368331.5,6726,25973,HCC2108,2776297,2634433,lung,NS,NS,NS,carcinoma,adenocarcinoma,NS,NS,y,COSV99041817,COSM7369765,97346506,c.4709C>G,p.T1570S,Substitution - Missense,null,null,38,1:155763329-155763329,+,n,-,PATHOGENIC,0.77716,Confirmed somatic variant,29681454,null,NS,NS,null
KCNJ6_ENST00000645093,ENST00000645093.1,1272,6267,HCC2108,2776297,2634433,lung,NS,NS,NS,carcinoma,adenocarcinoma,NS,NS,y,COSV55710092,COSM4101549,150319103,c.418G>A,p.V140I,Substitution - Missense,null,null,38,21:37714739-37714739,+,n,-,PATHOGENIC,0.96303,Confirmed somatic variant,29681454,null,NS,NS,null
FOXP2_ENST00000403559,ENST00000403559.8,2199,13875,HCC2108,2776297,2634433,lung,NS,NS,NS,carcinoma,adenocarcinoma,NS,NS,y,COSV99052972,COSM7368678,105663103,c.1405G>A,p.A469T,Substitution - Missense,null,null,38,7:114658153-114658153,+,n,-,PATHOGENIC,0.99221,Confirmed somatic variant,29681454,null,NS,NS,null
FOXP2_ENST00000393494,ENST00000393494.6,2148,13875,HCC2108,2776297,2634433,lung,NS,NS,NS,carcinoma,adenocarcinoma,NS,NS,y,COSV99052972,COSM7368678,101631809,c.1354G>A,p.A452T,Substitution - Missense,null,null,38,7:114658153-114658153,+,n,-,PATHOGENIC,0.99221,Confirmed somatic variant,29681454,null,NS,NS,null
TRPM6_ENST00000449912,ENST00000449912.6,6054,17995,HCC2108,2776297,2634433,lung,NS,NS,NS,carcinoma,adenocarcinoma,NS,NS,y,COSV99054265,COSM7395281,113302693,c.2973G>T,p.K991N,Substitution - Missense,null,null,38,9:74782785-74782785,+,n,-,PATHOGENIC,0.87702,Confirmed somatic variant,29681454,null,NS,NS,null
ATP4A,ENST00000262623.3,3108,819,HCC2108,2776297,2634433,lung,NS,NS,NS,carcinoma,adenocarcinoma,NS,NS,y,COSV99077886,COSM7356988,84833213,c.179C>A,p.A60E,Substitution - Missense,null,null,38,19:35563246-35563246,+,n,-,NEUTRAL,0.06546,Confirmed somatic variant,29681454,null,NS,NS,null
MMP26,ENST00000380390.5,786,14249,HCC2108,2776297,2634433,lung,NS,NS,NS,carcinoma,adenocarcinoma,NS,NS,y,COSV99062491,COSM7381555,99593120,c.-144-41542G>A,p.?,Unknown,null,null,38,11:4946526-4946526,+,n,-,NEUTRAL,0.42377,Confirmed somatic variant,29681454,null,NS,NS,null
TMEM234,ENST00000309777.10,423,28837,HCC2108,2776297,2634433,lung,NS,NS,NS,carcinoma,adenocarcinoma,NS,NS,y,COSV99046742,COSM7394250,89840992,c.16G>T,p.G6W,Substitution - Missense,null,null,38,1:32222307-32222307,+,n,-,PATHOGENIC,0.87177,Confirmed somatic variant,29681454,null,NS,NS,null
IDO2,ENST00000502986.2,1263,27269,HCC2108,2776297,2634433,lung,NS,NS,NS,carcinoma,adenocarcinoma,NS,NS,y,COSV99072739,COSM7371768,120710317,c.1013G>C,p.G338A,Substitution - Missense,null,null,38,8:40015352-40015352,+,n,-,NEUTRAL,0.24629,Confirmed somatic variant,29681454,null,NS,NS,null
FAR2,ENST00000536681.7,1548,25531,HCC2108,2776297,2634433,lung,NS,NS,NS,carcinoma,adenocarcinoma,NS,NS,y,COSV99075151,COSM7367602,131792363,c.37A>T,p.I13F,Substitution - Missense,null,null,38,12:29270486-29270486,+,n,-,PATHOGENIC,0.87572,Confirmed somatic variant,29681454,null,NS,NS,null
OR11H4_ENST00000641525,ENST00000641525.1,945,15347,HCC2108,2776297,2634433,lung,NS,NS,NS,carcinoma,adenocarcinoma,NS,NS,y,COSV99043772,COSM7381196,146806596,c.113C>A,p.T38N,Substitution - Missense,null,null,38,14:20242934-20242934,+,n,-,NEUTRAL,0.38981,Confirmed somatic variant,29681454,null,NS,NS,null
DST_ENST00000370765,ENST00000370765.10,7950,1090,HCC2108,2776297,2634433,lung,NS,NS,NS,carcinoma,adenocarcinoma,NS,NS,y,COSV55012166,COSM260600,97130019,c.6607G>A,p.E2203K,Substitution - Missense,null,null,38,6:56616860-56616860,+,n,-,PATHOGENIC,0.90183,Confirmed somatic variant,29681454,null,NS,NS,null
ETNK2,ENST00000367201.7,1185,25575,HCC2108,2776297,2634433,lung,NS,NS,NS,carcinoma,adenocarcinoma,NS,NS,y,COSV99057217,COSM7366681,97336580,c.808G>A,p.E270K,Substitution - Missense,null,null,38,1:204140095-204140095,+,n,-,PATHOGENIC,0.97576,Confirmed somatic variant,29681454,null,NS,NS,null
FAM135B,ENST00000395297.5,4221,28029,HCC2108,2776297,2634433,lung,NS,NS,NS,carcinoma,adenocarcinoma,NS,NS,y,COSV99060078,COSM7367026,102569569,c.4136G>T,p.G1379V,Substitution - Missense,null,null,38,8:138132678-138132678,+,n,-,PATHOGENIC,0.98833,Confirmed somatic variant,29681454,null,NS,NS,null
FOXJ3_ENST00000545068,ENST00000545068.5,1869,29178,HCC2108,2776297,2634433,lung,NS,NS,NS,carcinoma,adenocarcinoma,NS,NS,y,COSV99055798,COSM7368651,132530901,c.1525T>C,p.C509R,Substitution - Missense,null,null,38,1:42188857-42188857,+,n,-,PATHOGENIC,0.98208,Confirmed somatic variant,29681454,null,NS,NS,null
SLC4A5_ENST00000423644,ENST00000423644.5,3366,18168,HCC2108,2776297,2634433,lung,NS,NS,NS,carcinoma,adenocarcinoma,NS,NS,y,COSV99053695,COSM7390668,106889546,c.1456G>T,p.E486*,Substitution - Nonsense,null,null,38,2:74252201-74252201,+,n,-,PATHOGENIC,0.98679,Confirmed somatic variant,29681454,null,NS,NS,null
SYNE1_ENST00000341594,ENST00000341594.9,25179,17089,HCC2108,2776297,2634433,lung,NS,NS,NS,carcinoma,adenocarcinoma,NS,NS,y,COSV99037825,COSM7392590,92996816,c.5488G>T,p.A1830S,Substitution - Missense,null,null,38,6:152417009-152417009,+,n,-,NEUTRAL,0.04879,Confirmed somatic variant,29681454,null,NS,NS,null
OTUD3,ENST00000375120.3,1197,29038,HCC2108,2776297,2634433,lung,NS,NS,NS,carcinoma,adenocarcinoma,NS,NS,y,COSV99056117,COSM7382085,98187498,c.904G>T,p.G302C,Substitution - Missense,null,null,38,1:19906500-19906500,+,n,-,PATHOGENIC,0.97389,Confirmed somatic variant,29681454,null,NS,NS,null
TENM1_ENST00000371130,ENST00000371130.7,8178,8117,HCC2108,2776297,2634433,lung,NS,NS,NS,carcinoma,adenocarcinoma,NS,NS,y,COSV99058423,COSM7380953,93946565,c.1861G>T,p.E621*,Substitution - Nonsense,null,null,38,23:124645158-124645158,+,n,-,PATHOGENIC,0.97416,Confirmed somatic variant,29681454,null,NS,NS,null
SUN1_ENST00000425407,ENST00000425407.6,2109,18587,HCC2108,2776297,2634433,lung,NS,NS,NS,carcinoma,adenocarcinoma,NS,NS,y,COSV99064673,COSM7392456,106479389,c.1563G>T,p.K521N,Substitution - Missense,null,null,38,7:861412-861412,+,n,-,PATHOGENIC,0.85692,Confirmed somatic variant,29681454,null,NS,NS,null
TRPM6_ENST00000361255,ENST00000361255.7,6054,17995,HCC2108,2776297,2634433,lung,NS,NS,NS,carcinoma,adenocarcinoma,NS,NS,y,COSV99054265,COSM7395281,93846345,c.2973G>T,p.K991N,Substitution - Missense,null,null,38,9:74782785-74782785,+,n,-,PATHOGENIC,0.87702,Confirmed somatic variant,29681454,null,NS,NS,null
MFAP5_ENST00000540087,ENST00000540087.5,492,29673,HCC2108,2776297,2634433,lung,NS,NS,NS,carcinoma,adenocarcinoma,NS,NS,y,COSV99053684,COSM7376986,132212291,c.415A>G,p.R139G,Substitution - Missense,null,null,38,12:8648168-8648168,+,n,-,PATHOGENIC,0.71519,Confirmed somatic variant,29681454,null,NS,NS,null
OIT3_ENST00000622652,ENST00000622652.1,966,29953,HCC2108,2776297,2634433,lung,NS,NS,NS,carcinoma,adenocarcinoma,NS,NS,y,COSV99081155,COSM7380990,145152815,c.*179G>T,p.?,Unknown,null,null,38,10:72932447-72932447,+,n,-,NEUTRAL,0.17195,Confirmed somatic variant,29681454,null,NS,NS,null
OR5L1,ENST00000625203.2,936,8350,HCC2108,2776297,2634433,lung,NS,NS,NS,carcinoma,adenocarcinoma,NS,NS,y,COSV61734073,COSM4033695,144639210,c.785C>A,p.P262H,Substitution - Missense,null,null,38,11:55812251-55812251,+,n,-,NEUTRAL,0.1918,Confirmed somatic variant,29681454,null,NS,NS,null
FAM189A2_ENST00000455972,ENST00000455972.6,1353,24820,HCC2108,2776297,2634433,lung,NS,NS,NS,carcinoma,adenocarcinoma,NS,NS,y,COSV99058666,COSM7367239,114204700,c.857C>G,p.A286G,Substitution - Missense,null,null,38,9:69388158-69388158,+,n,-,NEUTRAL,0.4797,Confirmed somatic variant,29681454,null,NS,NS,null
SLC4A5_ENST00000358683,ENST00000358683.8,3060,18168,HCC2108,2776297,2634433,lung,NS,NS,NS,carcinoma,adenocarcinoma,NS,NS,y,COSV99053695,COSM7390668,95053750,c.1264G>T,p.E422*,Substitution - Nonsense,null,null,38,2:74252201-74252201,+,n,-,PATHOGENIC,0.98679,Confirmed somatic variant,29681454,null,NS,NS,null
SUN1_ENST00000389574,ENST00000389574.7,2109,18587,HCC2108,2776297,2634433,lung,NS,NS,NS,carcinoma,adenocarcinoma,NS,NS,y,COSV99064673,COSM7392456,101085592,c.1563G>T,p.K521N,Substitution - Missense,null,null,38,7:861412-861412,+,n,-,PATHOGENIC,0.85692,Confirmed somatic variant,29681454,null,NS,NS,null
AHNAK_ENST00000257247,ENST00000257247.11,450,347,HCC2108,2776297,2634433,lung,NS,NS,NS,carcinoma,adenocarcinoma,NS,NS,y,COSV99061848,COSM7354900,88780222,c.342+6249G>T,p.?,Unknown,null,null,38,11:62528754-62528754,+,n,-,NEUTRAL,0.01886,Confirmed somatic variant,29681454,null,NS,NS,null
IDO2_ENST00000389060,ENST00000389060.8,1224,27269,HCC2108,2776297,2634433,lung,NS,NS,NS,carcinoma,adenocarcinoma,NS,NS,y,COSV99072739,COSM7371768,99478778,c.974G>C,p.G325A,Substitution - Missense,null,null,38,8:40015352-40015352,+,n,-,NEUTRAL,0.24629,Confirmed somatic variant,29681454,null,NS,NS,null
TMEM234_ENST00000344461,ENST00000344461.7,495,28837,HCC2108,2776297,2634433,lung,NS,NS,NS,carcinoma,adenocarcinoma,NS,NS,y,COSV99046742,COSM7394250,89449505,c.16G>T,p.G6W,Substitution - Missense,null,null,38,1:32222307-32222307,+,n,-,PATHOGENIC,0.87177,Confirmed somatic variant,29681454,null,NS,NS,null
ADGRL2_ENST00000370728,ENST00000370728.5,4380,18582,HCC2108,2776297,2634433,lung,NS,NS,NS,carcinoma,adenocarcinoma,NS,NS,y,COSV54683879,COSM5518177,96950121,c.2161C>T,p.R721W,Substitution - Missense,null,null,38,1:81966433-81966433,+,y,-,PATHOGENIC,0.93113,Confirmed somatic variant,29681454,null,NS,NS,null
PTGER3_ENST00000351052,ENST00000351052.9,1173,9595,HCC2108,2776297,2634433,lung,NS,NS,NS,carcinoma,adenocarcinoma,NS,NS,y,COSV99053170,COSM7386052,90660563,c.65C>A,p.T22K,Substitution - Missense,null,null,38,1:71047513-71047513,+,n,-,NEUTRAL,0.12507,Confirmed somatic variant,29681454,null,NS,NS,null
NPEPL1_ENST00000525967,ENST00000525967.5,1488,16244,HCC2108,2776297,2634433,lung,NS,NS,NS,carcinoma,adenocarcinoma,NS,NS,y,COSV99049437,COSM7380149,127243638,c.1352G>T,p.G451V,Substitution - Missense,null,null,38,20:58715190-58715190,+,n,-,PATHOGENIC,0.94314,Confirmed somatic variant,29681454,null,NS,NS,null
PGBD1,ENST00000259883.3,2430,19398,HCC2108,2776297,2634433,lung,NS,NS,NS,carcinoma,adenocarcinoma,NS,NS,y,COSV99035803,COSM7383653,85341486,c.2248A>T,p.R750W,Substitution - Missense,null,null,38,6:28302102-28302102,+,n,-,NEUTRAL,0.16435,Confirmed somatic variant,29681454,null,NS,NS,null
ATP9A_ENST00000311637,ENST00000311637.9,2736,13540,HCC2108,2776297,2634433,lung,NS,NS,NS,carcinoma,adenocarcinoma,NS,NS,y,COSV99066449,COSM7357086,91656711,c.2564A>T,p.Y855F,Substitution - Missense,null,null,38,20:51604852-51604852,+,n,-,PATHOGENIC,0.97858,Confirmed somatic variant,29681454,null,NS,NS,null
SLC26A4,ENST00000265715.7,2343,8818,HCC2108,2776297,2634433,lung,NS,NS,NS,carcinoma,adenocarcinoma,NS,NS,y,COSV99068455,COSM7390325,85552398,c.128G>T,p.R43L,Substitution - Missense,null,null,38,7:107661769-107661769,+,n,-,null,0.67283,Confirmed somatic variant,29681454,null,NS,NS,null
KIAA1109_ENST00000388738,ENST00000388738.7,15018,26953,HCC2108,2776297,2634433,lung,NS,NS,NS,carcinoma,adenocarcinoma,NS,NS,y,COSV99063757,COSM7373567,98857251,c.887A>T,p.Y296F,Substitution - Missense,null,null,38,4:122190065-122190065,+,n,-,PATHOGENIC,0.99766,Confirmed somatic variant,29681454,null,NS,NS,null
STK11_ENST00000586243,ENST00000586243.5,1299,11389,HCC2108,2776297,2634433,lung,NS,NS,NS,carcinoma,adenocarcinoma,NS,NS,y,COSV58825712,COSM6920377,140788583,c.667G>A,p.E223K,Substitution - Missense,null,null,38,19:1220650-1220650,+,n,-,PATHOGENIC,0.9634,Confirmed somatic variant,29681454,null,NS,NS,null
OR51I2,ENST00000641930.1,939,15201,HCC2108,2776297,2634433,lung,NS,NS,NS,carcinoma,adenocarcinoma,NS,NS,y,COSV58298097,COSM3764310,148858006,c.347T>A,p.L116Q,Substitution - Missense,null,null,38,11:5453835-5453835,+,n,-,PATHOGENIC,0.93725,Confirmed somatic variant,29681454,null,NS,NS,null
FOXJ3_ENST00000361776,ENST00000361776.5,1767,29178,HCC2108,2776297,2634433,lung,NS,NS,NS,carcinoma,adenocarcinoma,NS,NS,y,COSV99055798,COSM7368651,96206282,c.1423T>C,p.C475R,Substitution - Missense,null,null,38,1:42188857-42188857,+,n,-,PATHOGENIC,0.98208,Confirmed somatic variant,29681454,null,NS,NS,null
ARID5B,ENST00000279873.11,3567,17362,HCC2108,2776297,2634433,lung,NS,NS,NS,carcinoma,adenocarcinoma,NS,NS,y,COSV99039495,COSM7356419,88599267,c.503-1G>T,p.?,Unknown,null,null,38,10:62000090-62000090,+,n,-,PATHOGENIC,0.98477,Confirmed somatic variant,29681454,null,NS,NS,null
PTGER3_ENST00000306666,ENST00000306666.9,1173,9595,HCC2108,2776297,2634433,lung,NS,NS,NS,carcinoma,adenocarcinoma,NS,NS,y,COSV99053170,COSM7386052,88123370,c.65C>A,p.T22K,Substitution - Missense,null,null,38,1:71047513-71047513,+,n,-,NEUTRAL,0.12507,Confirmed somatic variant,29681454,null,NS,NS,null
COL14A1_ENST00000247781,ENST00000247781.4,2274,2191,HCC2108,2776297,2634433,lung,NS,NS,NS,carcinoma,adenocarcinoma,NS,NS,y,COSV99035017,COSM7361985,84327500,c.569-1G>C,p.?,Unknown,null,null,38,8:120280920-120280920,+,n,-,PATHOGENIC,0.99561,Confirmed somatic variant,29681454,null,NS,NS,null
PLCXD2_ENST00000636933,ENST00000636933.1,1026,26462,HCC2108,2776297,2634433,lung,NS,NS,NS,carcinoma,adenocarcinoma,NS,NS,y,COSV99072347,COSM7384317,149498347,c.73A>G,p.K25E,Substitution - Missense,null,null,38,3:111675318-111675318,+,n,-,NEUTRAL,0.49801,Confirmed somatic variant,29681454,null,NS,NS,null
ABCA6,ENST00000284425.6,4854,36,HCC2108,2776297,2634433,lung,NS,NS,NS,carcinoma,adenocarcinoma,NS,NS,y,COSV99034010,COSM7353501,86364278,c.2574-1G>C,p.?,Unknown,null,null,38,17:69105629-69105629,+,n,-,PATHOGENIC,0.95911,Confirmed somatic variant,29681454,null,NS,NS,null
CDH17_ENST00000441892,ENST00000441892.6,1743,1756,HCC2108,2776297,2634433,lung,NS,NS,NS,carcinoma,adenocarcinoma,NS,NS,y,COSV99078683,COSM7360476,110616303,c.201C>A,p.D67E,Substitution - Missense,null,null,38,8:94177671-94177671,+,n,-,NEUTRAL,0.23578,Confirmed somatic variant,29681454,null,NS,NS,null
HBG2_ENST00000380252,ENST00000380252.6,279,4832,HCC2108,2776297,2634433,lung,NS,NS,NS,carcinoma,adenocarcinoma,NS,NS,y,COSV58298097,COSM3764310,99235422,c.-74+51516A>T,p.?,Unknown,null,null,38,11:5453835-5453835,+,n,-,PATHOGENIC,0.93725,Confirmed somatic variant,29681454,null,NS,NS,null
NYAP2,ENST00000636099.1,1962,29291,HCC2108,2776297,2634433,lung,NS,NS,NS,carcinoma,adenocarcinoma,NS,NS,y,COSV99078595,COSM7380845,148862200,c.1270C>G,p.Q424E,Substitution - Missense,null,null,38,2:225582687-225582687,+,n,-,PATHOGENIC,0.97673,Confirmed somatic variant,29681454,null,NS,NS,null
KLHL2,ENST00000514860.5,1794,6353,HCC2108,2776297,2634433,lung,NS,NS,NS,carcinoma,adenocarcinoma,NS,NS,y,COSV99073548,COSM7374152,124198946,c.47A>G,p.K16R,Substitution - Missense,null,null,38,4:165219942-165219942,+,n,-,PATHOGENIC,0.96716,Confirmed somatic variant,29681454,null,NS,NS,null
SYNE1,ENST00000367255.9,26394,17089,HCC2108,2776297,2634433,lung,NS,NS,NS,carcinoma,adenocarcinoma,NS,NS,y,COSV99037825,COSM7392590,97662387,c.5428G>T,p.A1810S,Substitution - Missense,null,null,38,6:152417009-152417009,+,n,-,NEUTRAL,0.04879,Confirmed somatic variant,29681454,null,NS,NS,null
ARID4B_ENST00000349213,ENST00000349213.7,3681,15550,HCC2108,2776297,2634433,lung,NS,NS,NS,carcinoma,adenocarcinoma,NS,NS,y,COSV99050716,COSM7356410,93551339,c.3349G>A,p.D1117N,Substitution - Missense,null,null,38,1:235175241-235175241,+,n,-,NEUTRAL,0.44076,Confirmed somatic variant,29681454,null,NS,NS,null
TMEM132A,ENST00000005286.8,3075,31092,HCC2108,2776297,2634433,lung,NS,NS,NS,carcinoma,adenocarcinoma,NS,NS,y,COSV99070844,COSM7394082,84029702,c.1963G>A,p.G655S,Substitution - Missense,null,null,38,11:60935375-60935375,+,n,-,PATHOGENIC,0.85329,Confirmed somatic variant,29681454,null,NS,NS,null
SLC26A4_ENST00000644269,ENST00000644269.1,2343,8818,HCC2108,2776297,2634433,lung,NS,NS,NS,carcinoma,adenocarcinoma,NS,NS,y,COSV99068455,COSM7390325,150044861,c.128G>T,p.R43L,Substitution - Missense,null,null,38,7:107661769-107661769,+,n,-,null,0.67283,Confirmed somatic variant,29681454,null,NS,NS,null
SNX6_ENST00000396526,ENST00000396526.7,873,14970,HCC2108,2776297,2634433,lung,NS,NS,NS,carcinoma,adenocarcinoma,NS,NS,y,COSV99049956,COSM7391310,99007042,c.439A>C,p.I147L,Substitution - Missense,null,null,38,14:34586237-34586237,+,n,-,PATHOGENIC,0.82524,Confirmed somatic variant,29681454,null,NS,NS,null
GCG_ENST00000375497,ENST00000375497.3,543,4191,HCC2108,2776297,2634433,lung,NS,NS,NS,carcinoma,adenocarcinoma,NS,NS,y,COSV99072052,COSM7369319,99094167,c.449C>G,p.S150C,Substitution - Missense,null,null,38,2:162144114-162144114,+,n,-,PATHOGENIC,0.8575,Confirmed somatic variant,29681454,null,NS,NS,null
PPP4R3B_ENST00000611717,ENST00000611717.4,2295,29267,HCC2108,2776297,2634433,lung,NS,NS,NS,carcinoma,adenocarcinoma,NS,NS,y,COSV99042262,COSM7391072,143135841,c.1651G>T,p.V551F,Substitution - Missense,null,null,38,2:55568223-55568223,+,n,-,PATHOGENIC,0.96579,Confirmed somatic variant,29681454,null,NS,NS,null
SLC5A9_ENST00000438567,ENST00000438567.6,2046,22146,HCC2108,2776297,2634433,lung,NS,NS,NS,carcinoma,adenocarcinoma,NS,NS,y,COSV99030376,COSM7390729,108006865,c.142G>A,p.V48I,Substitution - Missense,null,null,38,1:48222878-48222878,+,n,-,PATHOGENIC,0.95679,Confirmed somatic variant,29681454,null,NS,NS,null
CDH17_ENST00000450165,ENST00000450165.6,2499,1756,HCC2108,2776297,2634433,lung,NS,NS,NS,carcinoma,adenocarcinoma,NS,NS,y,COSV99078683,COSM7360476,113742487,c.201C>A,p.D67E,Substitution - Missense,null,null,38,8:94177671-94177671,+,n,-,NEUTRAL,0.23578,Confirmed somatic variant,29681454,null,NS,NS,null
OR51A4_ENST00000380373,ENST00000380373.4,942,14795,HCC2108,2776297,2634433,lung,NS,NS,NS,carcinoma,adenocarcinoma,NS,NS,y,COSV99062491,COSM7381555,99541635,c.575C>T,p.S192F,Substitution - Missense,null,null,38,11:4946526-4946526,+,n,-,NEUTRAL,0.42377,Confirmed somatic variant,29681454,null,NS,NS,null
RPIA,ENST00000283646.4,936,10297,HCC2108,2776297,2634433,lung,NS,NS,NS,carcinoma,adenocarcinoma,NS,NS,y,COSV99033242,COSM7388123,86035490,c.423G>T,p.Q141H,Substitution - Missense,null,null,38,2:88729298-88729298,+,n,-,PATHOGENIC,0.86617,Confirmed somatic variant,29681454,null,NS,NS,null
GON4L_ENST00000615926,ENST00000615926.4,6726,25973,HCC2108,2776297,2634433,lung,NS,NS,NS,carcinoma,adenocarcinoma,NS,NS,y,COSV99041817,COSM7369765,144437325,c.4709C>G,p.T1570S,Substitution - Missense,null,null,38,1:155763329-155763329,+,n,-,PATHOGENIC,0.77716,Confirmed somatic variant,29681454,null,NS,NS,null
ADGRL2_ENST00000370713,ENST00000370713.5,3372,18582,HCC2108,2776297,2634433,lung,NS,NS,NS,carcinoma,adenocarcinoma,NS,NS,y,COSV54683879,COSM5518177,96618550,c.2122C>T,p.R708W,Substitution - Missense,null,null,38,1:81966433-81966433,+,y,-,PATHOGENIC,0.93113,Confirmed somatic variant,29681454,null,NS,NS,null
RBM10,ENST00000329236.8,2988,9896,HCC2108,2776297,2634433,lung,NS,NS,NS,carcinoma,adenocarcinoma,NS,NS,y,COSV99051447,COSM7387016,92937073,c.1190G>T,p.R397L,Substitution - Missense,null,null,38,23:47179973-47179973,+,n,-,PATHOGENIC,0.97333,Confirmed somatic variant,29681454,null,NS,NS,null
TP53_ENST00000420246,ENST00000420246.6,1026,11998,HCC2108,2776297,2634433,lung,NS,NS,NS,carcinoma,adenocarcinoma,NS,NS,y,COSV52667239,COSM342245,106055911,c.461G>T,p.G154V,Substitution - Missense,null,null,38,17:7675151-7675151,+,n,-,PATHOGENIC,0.98016,Confirmed somatic variant,29681454,null,NS,NS,null
GON4L_ENST00000620426,ENST00000620426.4,2913,25973,HCC2108,2776297,2634433,lung,NS,NS,NS,carcinoma,adenocarcinoma,NS,NS,y,COSV99041817,COSM7369765,143701086,c.*490C>G,p.?,Unknown,null,null,38,1:155763329-155763329,+,n,-,PATHOGENIC,0.77716,Confirmed somatic variant,29681454,null,NS,NS,null
TP53_ENST00000620739,ENST00000620739.4,1065,11998,HCC2108,2776297,2634433,lung,NS,NS,NS,carcinoma,adenocarcinoma,NS,NS,y,COSV52667239,COSM342245,144312677,c.344G>T,p.G115V,Substitution - Missense,null,null,38,17:7675151-7675151,+,n,-,PATHOGENIC,0.98016,Confirmed somatic variant,29681454,null,NS,NS,null
SLC4A5_ENST00000394019,ENST00000394019.6,3366,18168,HCC2108,2776297,2634433,lung,NS,NS,NS,carcinoma,adenocarcinoma,NS,NS,y,COSV99053695,COSM7390668,98580341,c.1456G>T,p.E486*,Substitution - Nonsense,null,null,38,2:74252201-74252201,+,n,-,PATHOGENIC,0.98679,Confirmed somatic variant,29681454,null,NS,NS,null
TENM1,ENST00000422452.2,8199,8117,HCC2108,2776297,2634433,lung,NS,NS,NS,carcinoma,adenocarcinoma,NS,NS,y,COSV99058423,COSM7380953,107769696,c.1861G>T,p.E621*,Substitution - Nonsense,null,null,38,23:124645158-124645158,+,n,-,PATHOGENIC,0.97416,Confirmed somatic variant,29681454,null,NS,NS,null
HRH3_ENST00000611492,ENST00000611492.1,603,5184,HCC2108,2776297,2634433,lung,NS,NS,NS,carcinoma,adenocarcinoma,NS,NS,y,COSV99079785,COSM7371505,142761971,c.539G>T,p.G180V,Substitution - Missense,null,null,38,20:62216396-62216396,+,n,-,null,0.59665,Confirmed somatic variant,29681454,null,NS,NS,null
NPEPL1,ENST00000356091.10,1572,16244,HCC2108,2776297,2634433,lung,NS,NS,NS,carcinoma,adenocarcinoma,NS,NS,y,COSV99049437,COSM7380149,93189456,c.1436G>T,p.G479V,Substitution - Missense,null,null,38,20:58715190-58715190,+,n,-,PATHOGENIC,0.94314,Confirmed somatic variant,29681454,null,NS,NS,null
COL12A1,ENST00000322507.12,9192,2188,HCC2108,2776297,2634433,lung,NS,NS,NS,carcinoma,adenocarcinoma,NS,NS,y,COSV59390625,COSM260207,92027190,c.2728G>T,p.D910Y,Substitution - Missense,null,null,38,6:75165762-75165762,+,n,-,NEUTRAL,0.1463,Confirmed somatic variant,29681454,null,NS,NS,null
FAM47B,ENST00000329357.6,1938,26659,HCC2108,2776297,2634433,lung,NS,NS,NS,carcinoma,adenocarcinoma,NS,NS,y,COSV99051669,COSM7367392,88751204,c.1054G>A,p.D352N,Substitution - Missense,null,null,38,23:34943885-34943885,+,n,-,NEUTRAL,0.00481,Confirmed somatic variant,29681454,null,NS,NS,null
OR4K1_ENST00000641172,ENST00000641172.1,936,14726,HCC2108,2776297,2634433,lung,NS,NS,NS,carcinoma,adenocarcinoma,NS,NS,y,COSV99035407,COSM7381513,149145283,c.396C>A,p.Y132*,Substitution - Nonsense,null,null,38,14:19936062-19936062,+,n,-,NEUTRAL,0.07789,Confirmed somatic variant,29681454,null,NS,NS,null
FOXP2_ENST00000634411,ENST00000634411.1,2097,13875,HCC2108,2776297,2634433,lung,NS,NS,NS,carcinoma,adenocarcinoma,NS,NS,y,COSV99052972,COSM7368678,146171771,c.1303G>A,p.A435T,Substitution - Missense,null,null,38,7:114658153-114658153,+,n,-,PATHOGENIC,0.99221,Confirmed somatic variant,29681454,null,NS,NS,null
ARMH4,ENST00000267485.7,2325,19846,HCC2108,2776297,2634433,lung,NS,NS,NS,carcinoma,adenocarcinoma,NS,NS,y,COSV99032327,COSM7358061,86834717,c.326C>A,p.P109H,Substitution - Missense,null,null,38,14:58139033-58139033,+,n,-,NEUTRAL,0.13554,Confirmed somatic variant,29681454,null,NS,NS,null
FOXP2,ENST00000408937.7,2223,13875,HCC2108,2776297,2634433,lung,NS,NS,NS,carcinoma,adenocarcinoma,NS,NS,y,COSV99052972,COSM7368678,106376136,c.1429G>A,p.A477T,Substitution - Missense,null,null,38,7:114658153-114658153,+,n,-,PATHOGENIC,0.99221,Confirmed somatic variant,29681454,null,NS,NS,null
ETNK2_ENST00000367202,ENST00000367202.8,1161,25575,HCC2108,2776297,2634433,lung,NS,NS,NS,carcinoma,adenocarcinoma,NS,NS,y,COSV99057217,COSM7366681,97340065,c.808G>A,p.E270K,Substitution - Missense,null,null,38,1:204140095-204140095,+,n,-,PATHOGENIC,0.97576,Confirmed somatic variant,29681454,null,NS,NS,null
SPATA5L1,ENST00000305560.10,2262,28762,HCC2108,2776297,2634433,lung,NS,NS,NS,carcinoma,adenocarcinoma,NS,NS,y,COSV99045039,COSM7391662,87252824,c.2261A>T,p.*754Lext*4,Nonstop extension,null,null,38,15:45421209-45421209,+,n,-,PATHOGENIC,0.93053,Confirmed somatic variant,29681454,null,NS,NS,null
TP53_ENST00000510385,ENST00000510385.5,630,11998,HCC2108,2776297,2634433,lung,NS,NS,NS,carcinoma,adenocarcinoma,NS,NS,y,COSV52667239,COSM342245,121879673,c.65G>T,p.G22V,Substitution - Missense,null,null,38,17:7675151-7675151,+,n,-,PATHOGENIC,0.98016,Confirmed somatic variant,29681454,null,NS,NS,null
USH2A,ENST00000307340.7,15609,12601,HCC2108,2776297,2634433,lung,NS,NS,NS,carcinoma,adenocarcinoma,NS,NS,y,COSV99048384,COSM7396955,88714442,c.7535C>A,p.A2512D,Substitution - Missense,null,null,38,1:215900134-215900134,+,n,-,PATHOGENIC,0.84326,Confirmed somatic variant,29681454,null,NS,NS,null
KLHL2_ENST00000226725,ENST00000226725.10,1782,6353,HCC2108,2776297,2634433,lung,NS,NS,NS,carcinoma,adenocarcinoma,NS,NS,y,COSV99073548,COSM7374152,84152396,c.35A>G,p.K12R,Substitution - Missense,null,null,38,4:165219942-165219942,+,n,-,PATHOGENIC,0.96716,Confirmed somatic variant,29681454,null,NS,NS,null
DST_ENST00000421834,ENST00000421834.6,16494,1090,HCC2108,2776297,2634433,lung,NS,NS,NS,carcinoma,adenocarcinoma,NS,NS,y,COSV55012166,COSM260600,106200929,c.4297-2376G>A,p.?,Unknown,null,null,38,6:56616860-56616860,+,n,-,PATHOGENIC,0.90183,Confirmed somatic variant,29681454,null,NS,NS,null
PLCXD2,ENST00000477665.1,918,26462,HCC2108,2776297,2634433,lung,NS,NS,NS,carcinoma,adenocarcinoma,NS,NS,y,COSV99072347,COSM7384317,117917147,c.73A>G,p.K25E,Substitution - Missense,null,null,38,3:111675318-111675318,+,n,-,NEUTRAL,0.49801,Confirmed somatic variant,29681454,null,NS,NS,null
OTUD3,ENST00000375120.3,1197,29038,HCC2108,2776297,2634433,lung,NS,NS,NS,carcinoma,adenocarcinoma,NS,NS,y,COSV99056115,COSM7382084,98187490,c.893G>T,p.W298L,Substitution - Missense,null,null,38,1:19906489-19906489,+,n,-,PATHOGENIC,0.93911,Confirmed somatic variant,29681454,null,NS,NS,null
TYR,ENST00000263321.5,1590,12442,HCC2108,2776297,2634433,lung,NS,NS,NS,carcinoma,adenocarcinoma,NS,NS,y,COSV54470305,COSM6582917,86077018,c.457A>T,p.I153L,Substitution - Missense,null,null,38,11:89178410-89178410,+,n,-,PATHOGENIC,0.8994,Confirmed somatic variant,29681454,null,NS,NS,null
POU3F3,ENST00000361360.3,1503,9216,HCC2108,2776297,2634433,lung,NS,NS,NS,carcinoma,adenocarcinoma,NS,NS,y,COSV99057737,COSM7385071,94139242,c.1261C>A,p.L421M,Substitution - Missense,null,null,38,2:104856771-104856771,+,n,-,PATHOGENIC,0.92131,Confirmed somatic variant,29681454,null,NS,NS,null
ADGRL2_ENST00000359929,ENST00000359929.7,4212,18582,HCC2108,2776297,2634433,lung,NS,NS,NS,carcinoma,adenocarcinoma,NS,NS,y,COSV54683879,COSM5518177,94568632,c.2122C>T,p.R708W,Substitution - Missense,null,null,38,1:81966433-81966433,+,y,-,PATHOGENIC,0.93113,Confirmed somatic variant,29681454,null,NS,NS,null
OR2T10,ENST00000642090.1,939,19573,HCC2108,2776297,2634433,lung,NS,NS,NS,carcinoma,adenocarcinoma,NS,NS,y,COSV99043131,COSM7381385,149606673,c.329C>A,p.A110E,Substitution - Missense,null,null,38,1:248593440-248593440,+,n,-,NEUTRAL,0.06499,Confirmed somatic variant,29681454,null,NS,NS,null
COL14A1_ENST00000309791,ENST00000309791.8,5343,2191,HCC2108,2776297,2634433,lung,NS,NS,NS,carcinoma,adenocarcinoma,NS,NS,y,COSV99035017,COSM7361985,89857119,c.3686-1G>C,p.?,Unknown,null,null,38,8:120280920-120280920,+,n,-,PATHOGENIC,0.99561,Confirmed somatic variant,29681454,null,NS,NS,null
KRTAP20-2,ENST00000330798.2,198,18944,HCC2108,2776297,2634433,lung,NS,NS,NS,carcinoma,adenocarcinoma,NS,NS,y,COSV99043801,COSM7374483,89725978,c.97G>T,p.G33*,Substitution - Nonsense,null,null,38,21:30635360-30635360,+,n,-,NEUTRAL,0.25052,Confirmed somatic variant,29681454,null,NS,NS,null
TRMT9B,ENST00000524591.6,1365,26725,HCC2108,2776297,2634433,lung,NS,NS,NS,carcinoma,adenocarcinoma,NS,NS,y,COSV99070434,COSM7373659,127028727,c.441G>T,p.K147N,Substitution - Missense,null,null,38,8:13021120-13021120,+,n,-,PATHOGENIC,0.97186,Confirmed somatic variant,29681454,null,NS,NS,null
PTGER3_ENST00000370924,ENST00000370924.4,1167,9595,HCC2108,2776297,2634433,lung,NS,NS,NS,carcinoma,adenocarcinoma,NS,NS,y,COSV99053170,COSM7386052,97740231,c.65C>A,p.T22K,Substitution - Missense,null,null,38,1:71047513-71047513,+,n,-,NEUTRAL,0.12507,Confirmed somatic variant,29681454,null,NS,NS,null
FOXJ3,ENST00000372572.5,1869,29178,HCC2108,2776297,2634433,lung,NS,NS,NS,carcinoma,adenocarcinoma,NS,NS,y,COSV99055798,COSM7368651,94518785,c.1525T>C,p.C509R,Substitution - Missense,null,null,38,1:42188857-42188857,+,n,-,PATHOGENIC,0.98208,Confirmed somatic variant,29681454,null,NS,NS,null
GCG,ENST00000418842.6,543,4191,HCC2108,2776297,2634433,lung,NS,NS,NS,carcinoma,adenocarcinoma,NS,NS,y,COSV99072052,COSM7369319,104985594,c.449C>G,p.S150C,Substitution - Missense,null,null,38,2:162144114-162144114,+,n,-,PATHOGENIC,0.8575,Confirmed somatic variant,29681454,null,NS,NS,null
TP53_ENST00000455263,ENST00000455263.6,1041,11998,HCC2108,2776297,2634433,lung,NS,NS,NS,carcinoma,adenocarcinoma,NS,NS,y,COSV52667239,COSM342245,112256073,c.461G>T,p.G154V,Substitution - Missense,null,null,38,17:7675151-7675151,+,n,-,PATHOGENIC,0.98016,Confirmed somatic variant,29681454,null,NS,NS,null
TP53_ENST00000615910,ENST00000615910.4,1149,11998,HCC2108,2776297,2634433,lung,NS,NS,NS,carcinoma,adenocarcinoma,NS,NS,y,COSV52667239,COSM342245,144016327,c.428G>T,p.G143V,Substitution - Missense,null,null,38,17:7675151-7675151,+,n,-,PATHOGENIC,0.98016,Confirmed somatic variant,29681454,null,NS,NS,null
COL12A1_ENST00000416123,ENST00000416123.6,8964,2188,HCC2108,2776297,2634433,lung,NS,NS,NS,carcinoma,adenocarcinoma,NS,NS,y,COSV59390625,COSM260207,103552316,c.2728G>T,p.D910Y,Substitution - Missense,null,null,38,6:75165762-75165762,+,n,-,NEUTRAL,0.1463,Confirmed somatic variant,29681454,null,NS,NS,null
PALMD,ENST00000263174.8,1656,15846,HCC2108,2776297,2634433,lung,NS,NS,NS,carcinoma,adenocarcinoma,NS,NS,y,COSV99073120,COSM7382298,85853757,c.1382C>T,p.P461L,Substitution - Missense,null,null,38,1:99689642-99689642,+,n,-,NEUTRAL,0.34399,Confirmed somatic variant,29681454,null,NS,NS,null
HIVEP2,ENST00000367604.6,7341,4921,HCC2108,2776297,2634433,lung,NS,NS,NS,carcinoma,adenocarcinoma,NS,NS,y,COSV99056226,COSM7371203,94829145,c.5141G>A,p.G1714E,Substitution - Missense,null,null,38,6:142769598-142769598,+,n,-,PATHOGENIC,0.99313,Confirmed somatic variant,29681454,null,NS,NS,null
ERBB4,ENST00000342788.8,3927,3432,HCC2108,2776297,2634433,lung,NS,NS,NS,carcinoma,adenocarcinoma,NS,NS,y,COSV99048406,COSM7366535,91118669,c.3859G>T,p.E1287*,Substitution - Nonsense,null,null,38,2:211383683-211383683,+,n,-,PATHOGENIC,0.98452,Confirmed somatic variant,29681454,null,NS,NS,null
HRC,ENST00000252825.8,2100,5178,HCC2108,2776297,2634433,lung,NS,NS,NS,carcinoma,adenocarcinoma,NS,NS,y,COSV53256169,COSM4285282,86117260,c.575G>A,p.G192E,Substitution - Missense,null,null,38,19:49154663-49154663,+,y,-,NEUTRAL,0.01878,Confirmed somatic variant,29681454,null,NS,NS,null
ETNK2_ENST00000367197,ENST00000367197.5,207,25575,HCC2108,2776297,2634433,lung,NS,NS,NS,carcinoma,adenocarcinoma,NS,NS,y,COSV99057217,COSM7366681,97334266,c.-147G>A,p.?,Unknown,null,null,38,1:204140095-204140095,+,n,-,PATHOGENIC,0.97576,Confirmed somatic variant,29681454,null,NS,NS,null
GIMAP8,ENST00000307271.3,1998,21792,HCC2108,2776297,2634433,lung,NS,NS,NS,carcinoma,adenocarcinoma,NS,NS,y,COSV99048188,COSM7369456,88596654,c.1077G>T,p.M359I,Substitution - Missense,null,null,38,7:150474406-150474406,+,n,-,NEUTRAL,0.02322,Confirmed somatic variant,29681454,null,NS,NS,null
TP53_ENST00000617185,ENST00000617185.4,1026,11998,HCC2108,2776297,2634433,lung,NS,NS,NS,carcinoma,adenocarcinoma,NS,NS,y,COSV52667239,COSM342245,142839431,c.461G>T,p.G154V,Substitution - Missense,null,null,38,17:7675151-7675151,+,n,-,PATHOGENIC,0.98016,Confirmed somatic variant,29681454,null,NS,NS,null
PTGER3_ENST00000460330,ENST00000460330.5,1125,9595,HCC2108,2776297,2634433,lung,NS,NS,NS,carcinoma,adenocarcinoma,NS,NS,y,COSV99053170,COSM7386052,113385300,c.65C>A,p.T22K,Substitution - Missense,null,null,38,1:71047513-71047513,+,n,-,NEUTRAL,0.12507,Confirmed somatic variant,29681454,null,NS,NS,null
RC3H2_ENST00000357244,ENST00000357244.6,3576,21461,HCC2108,2776297,2634433,lung,NS,NS,NS,carcinoma,adenocarcinoma,NS,NS,y,COSV99057244,COSM7387122,95117617,c.2327G>T,p.R776I,Substitution - Missense,null,null,38,9:122858050-122858050,+,n,-,PATHOGENIC,0.92873,Confirmed somatic variant,29681454,null,NS,NS,null
FBN2_ENST00000262464,ENST00000262464.8,8739,3604,HCC2108,2776297,2634433,lung,NS,NS,NS,carcinoma,adenocarcinoma,NS,NS,y,COSV99078626,COSM7367855,84552683,c.6001T>C,p.C2001R,Substitution - Missense,null,null,38,5:128301427-128301427,+,n,-,PATHOGENIC,0.98913,Confirmed somatic variant,29681454,null,NS,NS,null
GRIK3_ENST00000373093,ENST00000373093.4,2619,4581,HCC2108,2776297,2634433,lung,NS,NS,NS,carcinoma,adenocarcinoma,NS,NS,y,COSV66141054,COSM4965502,96100665,c.1660G>A,p.V554I,Substitution - Missense,null,null,38,1:36825697-36825697,+,n,-,PATHOGENIC,0.87711,Confirmed somatic variant,29681454,null,NS,NS,null
ABCA4,ENST00000370225.3,6822,34,HCC2108,2776297,2634433,lung,NS,NS,NS,carcinoma,adenocarcinoma,NS,NS,y,COSV99058787,COSM7353491,94725147,c.370C>T,p.R124C,Substitution - Missense,null,null,38,1:94108649-94108649,+,n,-,PATHOGENIC,0.83064,Confirmed somatic variant,29681454,null,NS,NS,null
OR51I2_ENST00000341449,ENST00000341449.4,939,15201,HCC2108,2776297,2634433,lung,NS,NS,NS,carcinoma,adenocarcinoma,NS,NS,y,COSV58298097,COSM3764310,92669830,c.347T>A,p.L116Q,Substitution - Missense,null,null,38,11:5453835-5453835,+,n,-,PATHOGENIC,0.93725,Confirmed somatic variant,29681454,null,NS,NS,null
OGDHL,ENST00000374103.8,3033,25590,HCC2108,2776297,2634433,lung,NS,NS,NS,carcinoma,adenocarcinoma,NS,NS,y,COSV99055094,COSM7380967,96416032,c.886A>T,p.M296L,Substitution - Missense,null,null,38,10:49750849-49750849,+,y,-,PATHOGENIC,0.99027,Confirmed somatic variant,29681454,null,NS,NS,null
CDH17,ENST00000027335.7,2499,1756,HCC2108,2776297,2634433,lung,NS,NS,NS,carcinoma,adenocarcinoma,NS,NS,y,COSV99078683,COSM7360476,84255799,c.201C>A,p.D67E,Substitution - Missense,null,null,38,8:94177671-94177671,+,n,-,NEUTRAL,0.23578,Confirmed somatic variant,29681454,null,NS,NS,null
TP53_ENST00000619186,ENST00000619186.4,705,11998,HCC2108,2776297,2634433,lung,NS,NS,NS,carcinoma,adenocarcinoma,NS,NS,y,COSV52667239,COSM342245,144089138,c.-17G>T,p.?,Unknown,null,null,38,17:7675151-7675151,+,n,-,PATHOGENIC,0.98016,Confirmed somatic variant,29681454,null,NS,NS,null
PALMD_ENST00000605497,ENST00000605497.5,1656,15846,HCC2108,2776297,2634433,lung,NS,NS,NS,carcinoma,adenocarcinoma,NS,NS,y,COSV99073120,COSM7382298,143880430,c.1382C>T,p.P461L,Substitution - Missense,null,null,38,1:99689642-99689642,+,n,-,NEUTRAL,0.34399,Confirmed somatic variant,29681454,null,NS,NS,null
OR51A4,ENST00000641898.1,942,14795,HCC2108,2776297,2634433,lung,NS,NS,NS,carcinoma,adenocarcinoma,NS,NS,y,COSV99062491,COSM7381555,148673258,c.575C>T,p.S192F,Substitution - Missense,null,null,38,11:4946526-4946526,+,n,-,NEUTRAL,0.42377,Confirmed somatic variant,29681454,null,NS,NS,null
MFAP5_ENST00000535336,ENST00000535336.5,330,29673,HCC2108,2776297,2634433,lung,NS,NS,NS,carcinoma,adenocarcinoma,NS,NS,y,COSV99053684,COSM7376986,131662203,c.253A>G,p.R85G,Substitution - Missense,null,null,38,12:8648168-8648168,+,n,-,PATHOGENIC,0.71519,Confirmed somatic variant,29681454,null,NS,NS,null
SLC5A9_ENST00000533824,ENST00000533824.5,2109,22146,HCC2108,2776297,2634433,lung,NS,NS,NS,carcinoma,adenocarcinoma,NS,NS,y,COSV99030376,COSM7390729,131187434,c.142G>A,p.V48I,Substitution - Missense,null,null,38,1:48222878-48222878,+,n,-,PATHOGENIC,0.95679,Confirmed somatic variant,29681454,null,NS,NS,null
STK11,ENST00000326873.11,1302,11389,HCC2108,2776297,2634433,lung,NS,NS,NS,carcinoma,adenocarcinoma,NS,NS,y,COSV58825712,COSM6920377,90696474,c.667G>A,p.E223K,Substitution - Missense,null,null,38,19:1220650-1220650,+,n,-,PATHOGENIC,0.9634,Confirmed somatic variant,29681454,null,NS,NS,null
SNX6,ENST00000362031.8,1257,14970,HCC2108,2776297,2634433,lung,NS,NS,NS,carcinoma,adenocarcinoma,NS,NS,y,COSV99049956,COSM7391310,97101878,c.823A>C,p.I275L,Substitution - Missense,null,null,38,14:34586237-34586237,+,n,-,PATHOGENIC,0.82524,Confirmed somatic variant,29681454,null,NS,NS,null
PTGER3_ENST00000370931,ENST00000370931.7,1173,9595,HCC2108,2776297,2634433,lung,NS,NS,NS,carcinoma,adenocarcinoma,NS,NS,y,COSV99053170,COSM7386052,97759631,c.65C>A,p.T22K,Substitution - Missense,null,null,38,1:71047513-71047513,+,n,-,NEUTRAL,0.12507,Confirmed somatic variant,29681454,null,NS,NS,null
TP53_ENST00000445888,ENST00000445888.6,1182,11998,HCC2108,2776297,2634433,lung,NS,NS,NS,carcinoma,adenocarcinoma,NS,NS,y,COSV52667239,COSM342245,111761727,c.461G>T,p.G154V,Substitution - Missense,null,null,38,17:7675151-7675151,+,n,-,PATHOGENIC,0.98016,Confirmed somatic variant,29681454,null,NS,NS,null
HRH3,ENST00000340177.9,1338,5184,HCC2108,2776297,2634433,lung,NS,NS,NS,carcinoma,adenocarcinoma,NS,NS,y,COSV99079785,COSM7371505,91015602,c.948G>T,p.R316S,Substitution - Missense,null,null,38,20:62216396-62216396,+,n,-,null,0.59665,Confirmed somatic variant,29681454,null,NS,NS,null
FOXJ3_ENST00000361346,ENST00000361346.5,1869,29178,HCC2108,2776297,2634433,lung,NS,NS,NS,carcinoma,adenocarcinoma,NS,NS,y,COSV99055798,COSM7368651,94106264,c.1525T>C,p.C509R,Substitution - Missense,null,null,38,1:42188857-42188857,+,n,-,PATHOGENIC,0.98208,Confirmed somatic variant,29681454,null,NS,NS,null
SLCO1B1,ENST00000256958.2,2076,10959,HCC2108,2776297,2634433,lung,NS,NS,NS,carcinoma,adenocarcinoma,NS,NS,y,COSV99078620,COSM7390853,88621829,c.777G>T,p.W259C,Substitution - Missense,null,null,38,12:21196995-21196995,+,n,-,PATHOGENIC,0.95267,Confirmed somatic variant,29681454,null,NS,NS,null
TP53_ENST00000618944,ENST00000618944.4,549,11998,HCC2108,2776297,2634433,lung,NS,NS,NS,carcinoma,adenocarcinoma,NS,NS,y,COSV52667239,COSM342245,143159249,c.-17G>T,p.?,Unknown,null,null,38,17:7675151-7675151,+,n,-,PATHOGENIC,0.98016,Confirmed somatic variant,29681454,null,NS,NS,null
SULF1,ENST00000260128.8,2616,20391,HCC2108,2776297,2634433,lung,NS,NS,NS,carcinoma,adenocarcinoma,NS,NS,y,COSV99036113,COSM7392423,85440778,c.1854T>A,p.C618*,Substitution - Nonsense,null,null,38,8:69627213-69627213,+,n,-,null,0.64731,Confirmed somatic variant,29681454,null,NS,NS,null
ARID4B_ENST00000264183,ENST00000264183.8,3939,15550,HCC2108,2776297,2634433,lung,NS,NS,NS,carcinoma,adenocarcinoma,NS,NS,y,COSV99050716,COSM7356410,87665617,c.3607G>A,p.D1203N,Substitution - Missense,null,null,38,1:235175241-235175241,+,n,-,NEUTRAL,0.44076,Confirmed somatic variant,29681454,null,NS,NS,null
FEN1,ENST00000305885.2,1143,3650,HCC2108,2776297,2634433,lung,NS,NS,NS,carcinoma,adenocarcinoma,NS,NS,y,COSV99045384,COSM7368116,87471748,c.881T>C,p.V294A,Substitution - Missense,null,null,38,11:61796242-61796242,+,n,-,PATHOGENIC,0.92688,Confirmed somatic variant,29681454,null,NS,NS,null
FOXP2_ENST00000393498,ENST00000393498.6,2085,13875,HCC2108,2776297,2634433,lung,NS,NS,NS,carcinoma,adenocarcinoma,NS,NS,y,COSV99052972,COSM7368678,101690019,c.1291G>A,p.A431T,Substitution - Missense,null,null,38,7:114658153-114658153,+,n,-,PATHOGENIC,0.99221,Confirmed somatic variant,29681454,null,NS,NS,null
RC3H2,ENST00000373670.5,3576,21461,HCC2108,2776297,2634433,lung,NS,NS,NS,carcinoma,adenocarcinoma,NS,NS,y,COSV99057244,COSM7387122,94301771,c.2327G>T,p.R776I,Substitution - Missense,null,null,38,9:122858050-122858050,+,n,-,PATHOGENIC,0.92873,Confirmed somatic variant,29681454,null,NS,NS,null
AHNAK_ENST00000530124,ENST00000530124.5,396,347,HCC2108,2776297,2634433,lung,NS,NS,NS,carcinoma,adenocarcinoma,NS,NS,y,COSV99061848,COSM7354900,127744260,c.342+6249G>T,p.?,Unknown,null,null,38,11:62528754-62528754,+,n,-,NEUTRAL,0.01886,Confirmed somatic variant,29681454,null,NS,NS,null
CHM,ENST00000357749.6,1962,1940,HCC2108,2776297,2634433,lung,NS,NS,NS,carcinoma,adenocarcinoma,NS,NS,y,COSV99071447,COSM7361200,97080373,c.665A>C,p.K222T,Substitution - Missense,null,null,38,23:85963702-85963702,+,n,-,PATHOGENIC,0.92458,Confirmed somatic variant,29681454,null,NS,NS,null
OR11H4,ENST00000315409.2,975,15347,HCC2108,2776297,2634433,lung,NS,NS,NS,carcinoma,adenocarcinoma,NS,NS,y,COSV99043772,COSM7381196,90428177,c.143C>A,p.T48N,Substitution - Missense,null,null,38,14:20242934-20242934,+,n,-,NEUTRAL,0.38981,Confirmed somatic variant,29681454,null,NS,NS,null
TP53,ENST00000269305.8,1182,11998,HCC2108,2776297,2634433,lung,NS,NS,NS,carcinoma,adenocarcinoma,NS,NS,y,COSV52667239,COSM342245,87901497,c.461G>T,p.G154V,Substitution - Missense,null,null,38,17:7675151-7675151,+,n,-,PATHOGENIC,0.98016,Confirmed somatic variant,29681454,null,NS,NS,null
HRC_ENST00000595625,ENST00000595625.1,2031,5178,HCC2108,2776297,2634433,lung,NS,NS,NS,carcinoma,adenocarcinoma,NS,NS,y,COSV53256169,COSM4285282,141709466,c.575G>A,p.G192E,Substitution - Missense,null,null,38,19:49154663-49154663,+,y,-,NEUTRAL,0.01878,Confirmed somatic variant,29681454,null,NS,NS,null
WDR17,ENST00000280190.8,3969,16661,HCC2108,2776297,2634433,lung,NS,NS,NS,carcinoma,adenocarcinoma,NS,NS,y,COSV99039735,COSM7397627,88713965,c.1373G>T,p.R458L,Substitution - Missense,null,null,38,4:176137553-176137553,+,n,-,PATHOGENIC,0.90438,Confirmed somatic variant,29681454,null,NS,NS,null
COL12A1_ENST00000345356,ENST00000345356.10,5700,2188,HCC2108,2776297,2634433,lung,NS,NS,NS,carcinoma,adenocarcinoma,NS,NS,y,COSV59390625,COSM260207,90597879,c.74-13280G>T,p.?,Unknown,null,null,38,6:75165762-75165762,+,n,-,NEUTRAL,0.1463,Confirmed somatic variant,29681454,null,NS,NS,null
MYO7B,ENST00000428314.5,6351,7607,HCC2108,2776297,2634433,lung,NS,NS,NS,carcinoma,adenocarcinoma,NS,NS,y,COSV67346109,COSM1659049,107480226,c.3502G>A,p.E1168K,Substitution - Missense,null,null,38,2:127622036-127622036,+,y,-,PATHOGENIC,0.96961,Confirmed somatic variant,29681454,null,NS,NS,null
NR0B2,ENST00000254227.3,774,7961,HCC2108,2776297,2634433,lung,NS,NS,NS,carcinoma,adenocarcinoma,NS,NS,y,COSV99038978,COSM7380243,86870551,c.360G>T,p.K120N,Substitution - Missense,null,null,38,1:26913581-26913581,+,n,-,PATHOGENIC,0.9491,Confirmed somatic variant,29681454,null,NS,NS,null
PPP4R3B_ENST00000616288,ENST00000616288.4,2454,29267,HCC2108,2776297,2634433,lung,NS,NS,NS,carcinoma,adenocarcinoma,NS,NS,y,COSV99042262,COSM7391072,145126851,c.1810G>T,p.V604F,Substitution - Missense,null,null,38,2:55568223-55568223,+,n,-,PATHOGENIC,0.96579,Confirmed somatic variant,29681454,null,NS,NS,null
FAR2_ENST00000182377,ENST00000182377.8,1548,25531,HCC2108,2776297,2634433,lung,NS,NS,NS,carcinoma,adenocarcinoma,NS,NS,y,COSV99075151,COSM7367602,84762160,c.37A>T,p.I13F,Substitution - Missense,null,null,38,12:29270486-29270486,+,n,-,PATHOGENIC,0.87572,Confirmed somatic variant,29681454,null,NS,NS,null
ARHGAP15,ENST00000295095.10,1428,21030,HCC2108,2776297,2634433,lung,NS,NS,NS,carcinoma,adenocarcinoma,NS,NS,y,COSV99039194,COSM7356118,86799101,c.399A>T,p.K133N,Substitution - Missense,null,null,38,2:143250525-143250525,+,n,-,PATHOGENIC,0.79312,Confirmed somatic variant,29681454,null,NS,NS,null
CALN1,ENST00000395275.6,786,13248,HCC2108,2776297,2634433,lung,NS,NS,NS,carcinoma,adenocarcinoma,NS,NS,y,COSV99059950,COSM7359330,102435916,c.612G>T,p.E204D,Substitution - Missense,null,null,38,7:71810382-71810382,+,n,-,PATHOGENIC,0.90253,Confirmed somatic variant,29681454,null,NS,NS,null
ITFG1_ENST00000544001,ENST00000544001.6,1395,30697,HCC2108,2776297,2634433,lung,NS,NS,NS,carcinoma,adenocarcinoma,NS,NS,y,COSV99076988,COSM7372521,134166891,c.1114G>A,p.A372T,Substitution - Missense,null,null,38,16:47218868-47218868,+,n,-,PATHOGENIC,0.93205,Confirmed somatic variant,29681454,null,NS,NS,null
FBN2,ENST00000508053.5,8739,3604,HCC2108,2776297,2634433,lung,NS,NS,NS,carcinoma,adenocarcinoma,NS,NS,y,COSV99078626,COSM7367855,125946065,c.6001T>C,p.C2001R,Substitution - Missense,null,null,38,5:128301427-128301427,+,n,-,PATHOGENIC,0.98913,Confirmed somatic variant,29681454,null,NS,NS,null
GRIK3,ENST00000373091.7,2760,4581,HCC2108,2776297,2634433,lung,NS,NS,NS,carcinoma,adenocarcinoma,NS,NS,y,COSV66141054,COSM4965502,96072591,c.1660G>A,p.V554I,Substitution - Missense,null,null,38,1:36825697-36825697,+,n,-,PATHOGENIC,0.87711,Confirmed somatic variant,29681454,null,NS,NS,null
KCNJ6,ENST00000609713.1,1272,6267,HCC2108,2776297,2634433,lung,NS,NS,NS,carcinoma,adenocarcinoma,NS,NS,y,COSV55710092,COSM4101549,141871346,c.418G>A,p.V140I,Substitution - Missense,null,null,38,21:37714739-37714739,+,n,-,PATHOGENIC,0.96303,Confirmed somatic variant,29681454,null,NS,NS,null
CEP126,ENST00000263468.12,3354,29264,HCC2108,2776297,2634433,lung,NS,NS,NS,carcinoma,adenocarcinoma,NS,NS,y,COSV99075094,COSM7373636,86346463,c.2504A>G,p.H835R,Substitution - Missense,null,null,38,11:101963539-101963539,+,n,-,NEUTRAL,0.06292,Confirmed somatic variant,29681454,null,NS,NS,null
SLX4,ENST00000294008.3,5505,23845,HCC2108,2776297,2634433,lung,NS,NS,NS,carcinoma,adenocarcinoma,NS,NS,y,COSV99036730,COSM7390980,86129554,c.1556G>T,p.C519F,Substitution - Missense,null,null,38,16:3597506-3597506,+,n,-,NEUTRAL,0.0439,Confirmed somatic variant,29681454,null,NS,NS,null
FOXJ3_ENST00000372573,ENST00000372573.5,1869,29178,HCC2108,2776297,2634433,lung,NS,NS,NS,carcinoma,adenocarcinoma,NS,NS,y,COSV99055798,COSM7368651,94526918,c.1525T>C,p.C509R,Substitution - Missense,null,null,38,1:42188857-42188857,+,n,-,PATHOGENIC,0.98208,Confirmed somatic variant,29681454,null,NS,NS,null
HIVEP2_ENST00000012134,ENST00000012134.7,7341,4921,HCC2108,2776297,2634433,lung,NS,NS,NS,carcinoma,adenocarcinoma,NS,NS,y,COSV99056226,COSM7371203,84116808,c.5141G>A,p.G1714E,Substitution - Missense,null,null,38,6:142769598-142769598,+,n,-,PATHOGENIC,0.99313,Confirmed somatic variant,29681454,null,NS,NS,null
YY1,ENST00000262238.8,1245,12856,HCC2108,2776297,2634433,lung,NS,NS,NS,carcinoma,adenocarcinoma,NS,NS,y,COSV99031461,COSM7398138,84012915,c.1142G>T,p.R381M,Substitution - Missense,null,null,38,14:100277497-100277497,+,n,-,PATHOGENIC,0.98814,Confirmed somatic variant,29681454,null,NS,NS,null
MYO7B_ENST00000409090,ENST00000409090.1,2910,7607,HCC2108,2776297,2634433,lung,NS,NS,NS,carcinoma,adenocarcinoma,NS,NS,y,COSV67346109,COSM1659049,102743251,c.61G>A,p.E21K,Substitution - Missense,null,null,38,2:127622036-127622036,+,y,-,PATHOGENIC,0.96961,Confirmed somatic variant,29681454,null,NS,NS,null
SUN1_ENST00000452783,ENST00000452783.6,2049,18587,HCC2108,2776297,2634433,lung,NS,NS,NS,carcinoma,adenocarcinoma,NS,NS,y,COSV99064673,COSM7392456,111347874,c.1503G>T,p.K501N,Substitution - Missense,null,null,38,7:861412-861412,+,n,-,PATHOGENIC,0.85692,Confirmed somatic variant,29681454,null,NS,NS,null
PPP4R3B,ENST00000616407.1,2550,29267,HCC2108,2776297,2634433,lung,NS,NS,NS,carcinoma,adenocarcinoma,NS,NS,y,COSV99042262,COSM7391072,145271920,c.1906G>T,p.V636F,Substitution - Missense,null,null,38,2:55568223-55568223,+,n,-,PATHOGENIC,0.96579,Confirmed somatic variant,29681454,null,NS,NS,null
SULF1_ENST00000402687,ENST00000402687.8,2616,20391,HCC2108,2776297,2634433,lung,NS,NS,NS,carcinoma,adenocarcinoma,NS,NS,y,COSV99036113,COSM7392423,104133560,c.1854T>A,p.C618*,Substitution - Nonsense,null,null,38,8:69627213-69627213,+,n,-,null,0.64731,Confirmed somatic variant,29681454,null,NS,NS,null
SULF1_ENST00000458141,ENST00000458141.6,2616,20391,HCC2108,2776297,2634433,lung,NS,NS,NS,carcinoma,adenocarcinoma,NS,NS,y,COSV99036113,COSM7392423,114433526,c.1854T>A,p.C618*,Substitution - Nonsense,null,null,38,8:69627213-69627213,+,n,-,null,0.64731,Confirmed somatic variant,29681454,null,NS,NS,null
KLHL2_ENST00000538127,ENST00000538127.5,1518,6353,HCC2108,2776297,2634433,lung,NS,NS,NS,carcinoma,adenocarcinoma,NS,NS,y,COSV99073548,COSM7374152,131439838,c.-123A>G,p.?,Unknown,null,null,38,4:165219942-165219942,+,n,-,PATHOGENIC,0.96716,Confirmed somatic variant,29681454,null,NS,NS,null
ADGRL2,ENST00000370730.5,4251,18582,HCC2108,2776297,2634433,lung,NS,NS,NS,carcinoma,adenocarcinoma,NS,NS,y,COSV54683879,COSM5518177,97011367,c.2161C>T,p.R721W,Substitution - Missense,null,null,38,1:81966433-81966433,+,y,-,PATHOGENIC,0.93113,Confirmed somatic variant,29681454,null,NS,NS,null
MAN2A1,ENST00000261483.4,3435,6824,HCC2108,2776297,2634433,lung,NS,NS,NS,carcinoma,adenocarcinoma,NS,NS,y,COSV99079262,COSM7376145,87114477,c.1213G>A,p.D405N,Substitution - Missense,null,null,38,5:109774804-109774804,+,n,-,PATHOGENIC,0.99198,Confirmed somatic variant,29681454,null,NS,NS,null
CALN1_ENST00000395276,ENST00000395276.6,660,13248,HCC2108,2776297,2634433,lung,NS,NS,NS,carcinoma,adenocarcinoma,NS,NS,y,COSV99059950,COSM7359330,102488879,c.486G>T,p.E162D,Substitution - Missense,null,null,38,7:71810382-71810382,+,n,-,PATHOGENIC,0.90253,Confirmed somatic variant,29681454,null,NS,NS,null
HIST1H1B,ENST00000331442.4,681,4719,HCC2108,2776297,2634433,lung,NS,NS,NS,carcinoma,adenocarcinoma,NS,NS,y,COSV99044946,COSM7371153,90324423,c.521C>T,p.P174L,Substitution - Missense,null,null,38,6:27867009-27867009,+,n,-,NEUTRAL,0.0991,Confirmed somatic variant,29681454,null,NS,NS,null
PLCXD2_ENST00000393934,ENST00000393934.7,915,26462,HCC2108,2776297,2634433,lung,NS,NS,NS,carcinoma,adenocarcinoma,NS,NS,y,COSV99072347,COSM7384317,98347427,c.73A>G,p.K25E,Substitution - Missense,null,null,38,3:111675318-111675318,+,n,-,NEUTRAL,0.49801,Confirmed somatic variant,29681454,null,NS,NS,null
SLC4A5_ENST00000377634,ENST00000377634.8,3414,18168,HCC2108,2776297,2634433,lung,NS,NS,NS,carcinoma,adenocarcinoma,NS,NS,y,COSV99053695,COSM7390668,101011686,c.1456G>T,p.E486*,Substitution - Nonsense,null,null,38,2:74252201-74252201,+,n,-,PATHOGENIC,0.98679,Confirmed somatic variant,29681454,null,NS,NS,null
TRMT9B_ENST00000447063,ENST00000447063.6,591,26725,HCC2108,2776297,2634433,lung,NS,NS,NS,carcinoma,adenocarcinoma,NS,NS,y,COSV99070434,COSM7373659,111515422,c.264+8327G>T,p.?,Unknown,null,null,38,8:13021120-13021120,+,n,-,PATHOGENIC,0.97186,Confirmed somatic variant,29681454,null,NS,NS,null
DCTN5,ENST00000300087.6,549,24594,HCC2108,2776297,2634433,lung,NS,NS,NS,carcinoma,adenocarcinoma,NS,NS,y,COSV99037791,COSM7363897,87017924,c.339C>G,p.N113K,Substitution - Missense,null,null,38,16:23661272-23661272,+,n,-,PATHOGENIC,0.9394,Confirmed somatic variant,29681454,null,NS,NS,null
WDR17_ENST00000507824,ENST00000507824.6,3894,16661,HCC2108,2776297,2634433,lung,NS,NS,NS,carcinoma,adenocarcinoma,NS,NS,y,COSV99039735,COSM7397627,124960759,c.1322G>T,p.R441L,Substitution - Missense,null,null,38,4:176137553-176137553,+,n,-,PATHOGENIC,0.90438,Confirmed somatic variant,29681454,null,NS,NS,null
ZAP70,ENST00000264972.9,1860,12858,HCC2108,2776297,2634433,lung,NS,NS,NS,carcinoma,adenocarcinoma,NS,NS,y,COSV99070246,COSM7398148,84217316,c.1727G>A,p.W576*,Substitution - Nonsense,null,null,38,2:97738098-97738098,+,n,-,PATHOGENIC,0.98923,Confirmed somatic variant,29681454,null,NS,NS,null
SUN1,ENST00000401592.5,2358,18587,HCC2108,2776297,2634433,lung,NS,NS,NS,carcinoma,adenocarcinoma,NS,NS,y,COSV99064673,COSM7392456,101990930,c.1812G>T,p.K604N,Substitution - Missense,null,null,38,7:861412-861412,+,n,-,PATHOGENIC,0.85692,Confirmed somatic variant,29681454,null,NS,NS,null
CALN1_ENST00000329008,ENST00000329008.9,660,13248,HCC2108,2776297,2634433,lung,NS,NS,NS,carcinoma,adenocarcinoma,NS,NS,y,COSV99059950,COSM7359330,92732525,c.486G>T,p.E162D,Substitution - Missense,null,null,38,7:71810382-71810382,+,n,-,PATHOGENIC,0.90253,Confirmed somatic variant,29681454,null,NS,NS,null
FOXP2_ENST00000350908,ENST00000350908.8,2148,13875,HCC2108,2776297,2634433,lung,NS,NS,NS,carcinoma,adenocarcinoma,NS,NS,y,COSV99052972,COSM7368678,90520837,c.1354G>A,p.A452T,Substitution - Missense,null,null,38,7:114658153-114658153,+,n,-,PATHOGENIC,0.99221,Confirmed somatic variant,29681454,null,NS,NS,null
COL12A1_ENST00000615798,ENST00000615798.4,5625,2188,HCC2108,2776297,2634433,lung,NS,NS,NS,carcinoma,adenocarcinoma,NS,NS,y,COSV59390625,COSM260207,143662495,c.-840G>T,p.?,Unknown,null,null,38,6:75165762-75165762,+,n,-,NEUTRAL,0.1463,Confirmed somatic variant,29681454,null,NS,NS,null
DST_ENST00000361203,ENST00000361203.7,22386,1090,HCC2108,2776297,2634433,lung,NS,NS,NS,carcinoma,adenocarcinoma,NS,NS,y,COSV55012166,COSM260600,93559842,c.4297-2376G>A,p.?,Unknown,null,null,38,6:56616860-56616860,+,n,-,PATHOGENIC,0.90183,Confirmed somatic variant,29681454,null,NS,NS,null
AUP1,ENST00000377526.3,1233,891,HCC2108,2776297,2634433,lung,NS,NS,NS,carcinoma,adenocarcinoma,NS,NS,y,COSV99065784,COSM7357132,100739467,c.904C>T,p.Q302*,Substitution - Nonsense,null,null,38,2:74527528-74527528,+,n,-,PATHOGENIC,0.95798,Confirmed somatic variant,29681454,null,NS,NS,null
DST_ENST00000244364,ENST00000244364.10,15516,1090,HCC2108,2776297,2634433,lung,NS,NS,NS,carcinoma,adenocarcinoma,NS,NS,y,COSV55012166,COSM260600,87825870,c.3319-2376G>A,p.?,Unknown,null,null,38,6:56616860-56616860,+,n,-,PATHOGENIC,0.90183,Confirmed somatic variant,29681454,null,NS,NS,null
DCTN5_ENST00000563998,ENST00000563998.5,459,24594,HCC2108,2776297,2634433,lung,NS,NS,NS,carcinoma,adenocarcinoma,NS,NS,y,COSV99037791,COSM7363897,135070274,c.339C>G,p.N113K,Substitution - Missense,null,null,38,16:23661272-23661272,+,n,-,PATHOGENIC,0.9394,Confirmed somatic variant,29681454,null,NS,NS,null
ADGRL2_ENST00000370717,ENST00000370717.6,4380,18582,HCC2108,2776297,2634433,lung,NS,NS,NS,carcinoma,adenocarcinoma,NS,NS,y,COSV54683879,COSM5518177,96671885,c.2161C>T,p.R721W,Substitution - Missense,null,null,38,1:81966433-81966433,+,y,-,PATHOGENIC,0.93113,Confirmed somatic variant,29681454,null,NS,NS,null
SUN1_ENST00000405266,ENST00000405266.5,2469,18587,HCC2108,2776297,2634433,lung,NS,NS,NS,carcinoma,adenocarcinoma,NS,NS,y,COSV99064673,COSM7392456,105369541,c.1923G>T,p.K641N,Substitution - Missense,null,null,38,7:861412-861412,+,n,-,PATHOGENIC,0.85692,Confirmed somatic variant,29681454,null,NS,NS,null
GPR88,ENST00000315033.4,1155,4539,HCC2108,2776297,2634433,lung,NS,NS,NS,carcinoma,adenocarcinoma,NS,NS,y,COSV99043308,COSM7370093,90233147,c.329G>T,p.G110V,Substitution - Missense,null,null,38,1:100539295-100539295,+,n,-,PATHOGENIC,0.92119,Confirmed somatic variant,29681454,null,NS,NS,null
OR2T10_ENST00000330500,ENST00000330500.4,939,19573,HCC2108,2776297,2634433,lung,NS,NS,NS,carcinoma,adenocarcinoma,NS,NS,y,COSV99043131,COSM7381385,89516513,c.329C>A,p.A110E,Substitution - Missense,null,null,38,1:248593440-248593440,+,n,-,NEUTRAL,0.06499,Confirmed somatic variant,29681454,null,NS,NS,null
FAM189A2,ENST00000257515.12,1353,24820,HCC2108,2776297,2634433,lung,NS,NS,NS,carcinoma,adenocarcinoma,NS,NS,y,COSV99058666,COSM7367239,84014238,c.857C>G,p.A286G,Substitution - Missense,null,null,38,9:69388158-69388158,+,n,-,NEUTRAL,0.4797,Confirmed somatic variant,29681454,null,NS,NS,null
ZAP70_ENST00000451498,ENST00000451498.2,939,12858,HCC2108,2776297,2634433,lung,NS,NS,NS,carcinoma,adenocarcinoma,NS,NS,y,COSV99070246,COSM7398148,112776839,c.806G>A,p.W269*,Substitution - Nonsense,null,null,38,2:97738098-97738098,+,n,-,PATHOGENIC,0.98923,Confirmed somatic variant,29681454,null,NS,NS,null
DST_ENST00000370788,ENST00000370788.6,16128,1090,HCC2108,2776297,2634433,lung,NS,NS,NS,carcinoma,adenocarcinoma,NS,NS,y,COSV55012166,COSM260600,97197159,c.4297-2376G>A,p.?,Unknown,null,null,38,6:56616860-56616860,+,n,-,PATHOGENIC,0.90183,Confirmed somatic variant,29681454,null,NS,NS,null
ITFG1,ENST00000320640.10,1839,30697,HCC2108,2776297,2634433,lung,NS,NS,NS,carcinoma,adenocarcinoma,NS,NS,y,COSV99076988,COSM7372521,90679289,c.1453G>A,p.A485T,Substitution - Missense,null,null,38,16:47218868-47218868,+,n,-,PATHOGENIC,0.93205,Confirmed somatic variant,29681454,null,NS,NS,null
ADGRL2_ENST00000627151,ENST00000627151.2,4296,18582,HCC2108,2776297,2634433,lung,NS,NS,NS,carcinoma,adenocarcinoma,NS,NS,y,COSV54683879,COSM5518177,147821771,c.2161C>T,p.R721W,Substitution - Missense,null,null,38,1:81966433-81966433,+,y,-,PATHOGENIC,0.93113,Confirmed somatic variant,29681454,null,NS,NS,null
WDR17_ENST00000508596,ENST00000508596.5,3852,16661,HCC2108,2776297,2634433,lung,NS,NS,NS,carcinoma,adenocarcinoma,NS,NS,y,COSV99039735,COSM7397627,123152939,c.1301G>T,p.R434L,Substitution - Missense,null,null,38,4:176137553-176137553,+,n,-,PATHOGENIC,0.90438,Confirmed somatic variant,29681454,null,NS,NS,null
KRAS_ENST00000557334,ENST00000557334.5,228,6407,HCC2108,2776297,2634433,lung,NS,NS,NS,carcinoma,adenocarcinoma,NS,NS,y,COSV55498802,COSM1135364,134616172,c.112-17430A>C,p.?,Unknown,null,null,38,12:25227341-25227341,+,n,-,PATHOGENIC,0.93196,Confirmed somatic variant,29681454,null,NS,NS,null
FGA,ENST00000302053.7,2601,3661,HCC2108,2776297,2634433,lung,NS,NS,NS,carcinoma,adenocarcinoma,NS,NS,y,COSV99042801,COSM7368159,88312760,c.1227C>G,p.D409E,Substitution - Missense,null,null,38,4:154586202-154586202,+,n,-,PATHOGENIC,0.76847,Confirmed somatic variant,29681454,null,NS,NS,null
SSPO,ENST00000378016.4,15453,21998,HCC2108,2776297,2634433,lung,NS,NS,NS,carcinoma,adenocarcinoma,NS,NS,y,COSV99061764,COSN30044142,97699228,c.8885G>T,p.R2962L,Substitution - Missense,null,null,38,7:149806970-149806970,+,n,-,NEUTRAL,0.05394,Confirmed somatic variant,29681454,null,NS,NS,null
HIVEP2_ENST00000367603,ENST00000367603.7,7341,4921,HCC2108,2776297,2634433,lung,NS,NS,NS,carcinoma,adenocarcinoma,NS,NS,y,COSV99056226,COSM7371203,94813930,c.5141G>A,p.G1714E,Substitution - Missense,null,null,38,6:142769598-142769598,+,n,-,PATHOGENIC,0.99313,Confirmed somatic variant,29681454,null,NS,NS,null
COL14A1,ENST00000297848.7,5391,2191,HCC2108,2776297,2634433,lung,NS,NS,NS,carcinoma,adenocarcinoma,NS,NS,y,COSV99035017,COSM7361985,85208890,c.3686-1G>C,p.?,Unknown,null,null,38,8:120280920-120280920,+,n,-,PATHOGENIC,0.99561,Confirmed somatic variant,29681454,null,NS,NS,null
ERBB4_ENST00000436443,ENST00000436443.5,3879,3432,HCC2108,2776297,2634433,lung,NS,NS,NS,carcinoma,adenocarcinoma,NS,NS,y,COSV99048406,COSM7366535,107469894,c.3811G>T,p.E1271*,Substitution - Nonsense,null,null,38,2:211383683-211383683,+,n,-,PATHOGENIC,0.98452,Confirmed somatic variant,29681454,null,NS,NS,null
OGDHL_ENST00000432695,ENST00000432695.2,2406,25590,HCC2108,2776297,2634433,lung,NS,NS,NS,carcinoma,adenocarcinoma,NS,NS,y,COSV99055094,COSM7380967,108245899,c.259A>T,p.M87L,Substitution - Missense,null,null,38,10:49750849-49750849,+,y,-,PATHOGENIC,0.99027,Confirmed somatic variant,29681454,null,NS,NS,null
RBM10_ENST00000377604,ENST00000377604.7,2793,9896,HCC2108,2776297,2634433,lung,NS,NS,NS,carcinoma,adenocarcinoma,NS,NS,y,COSV99051447,COSM7387016,100938106,c.995G>T,p.R332L,Substitution - Missense,null,null,38,23:47179973-47179973,+,n,-,PATHOGENIC,0.97333,Confirmed somatic variant,29681454,null,NS,NS,null
SYNE1_ENST00000423061,ENST00000423061.5,26250,17089,HCC2108,2776297,2634433,lung,NS,NS,NS,carcinoma,adenocarcinoma,NS,NS,y,COSV99037825,COSM7392590,109078398,c.5449G>T,p.A1817S,Substitution - Missense,null,null,38,6:152417009-152417009,+,n,-,NEUTRAL,0.04879,Confirmed somatic variant,29681454,null,NS,NS,null
ERBB4_ENST00000402597,ENST00000402597.6,3801,3432,HCC2108,2776297,2634433,lung,NS,NS,NS,carcinoma,adenocarcinoma,NS,NS,y,COSV99048406,COSM7366535,103772567,c.3733G>T,p.E1245*,Substitution - Nonsense,null,null,38,2:211383683-211383683,+,n,-,PATHOGENIC,0.98452,Confirmed somatic variant,29681454,null,NS,NS,null
KRAS,ENST00000256078.8,570,6407,HCC2108,2776297,2634433,lung,NS,NS,NS,carcinoma,adenocarcinoma,NS,NS,y,COSV55498802,COSM1135364,87805079,c.183A>C,p.Q61H,Substitution - Missense,null,null,38,12:25227341-25227341,+,n,-,PATHOGENIC,0.93196,Confirmed somatic variant,29681454,null,NS,NS,null
TP53_ENST00000622645,ENST00000622645.4,909,11998,HCC2108,2776297,2634433,lung,NS,NS,NS,carcinoma,adenocarcinoma,NS,NS,y,COSV52667239,COSM342245,144654434,c.344G>T,p.G115V,Substitution - Missense,null,null,38,17:7675151-7675151,+,n,-,PATHOGENIC,0.98016,Confirmed somatic variant,29681454,null,NS,NS,null
ATP9A,ENST00000338821.5,3144,13540,HCC2108,2776297,2634433,lung,NS,NS,NS,carcinoma,adenocarcinoma,NS,NS,y,COSV99066449,COSM7357086,89212392,c.2972A>T,p.Y991F,Substitution - Missense,null,null,38,20:51604852-51604852,+,n,-,PATHOGENIC,0.97858,Confirmed somatic variant,29681454,null,NS,NS,null
NYAP2_ENST00000272907,ENST00000272907.7,1962,29291,HCC2108,2776297,2634433,lung,NS,NS,NS,carcinoma,adenocarcinoma,NS,NS,y,COSV99078595,COSM7380845,85242718,c.1270C>G,p.Q424E,Substitution - Missense,null,null,38,2:225582687-225582687,+,n,-,PATHOGENIC,0.97673,Confirmed somatic variant,29681454,null,NS,NS,null
PTGER3_ENST00000628037,ENST00000628037.2,1098,9595,HCC2108,2776297,2634433,lung,NS,NS,NS,carcinoma,adenocarcinoma,NS,NS,y,COSV99053170,COSM7386052,145285800,c.65C>A,p.T22K,Substitution - Missense,null,null,38,1:71047513-71047513,+,n,-,NEUTRAL,0.12507,Confirmed somatic variant,29681454,null,NS,NS,null
AHNAK,ENST00000378024.8,17673,347,HCC2108,2776297,2634433,lung,NS,NS,NS,carcinoma,adenocarcinoma,NS,NS,y,COSV99061848,COSM7354900,97742564,c.5663G>T,p.S1888I,Substitution - Missense,null,null,38,11:62528754-62528754,+,n,-,NEUTRAL,0.01886,Confirmed somatic variant,29681454,null,NS,NS,null
TP53_ENST00000413465,ENST00000413465.6,858,11998,HCC2108,2776297,2634433,lung,NS,NS,NS,carcinoma,adenocarcinoma,NS,NS,y,COSV52667239,COSM342245,105623329,c.461G>T,p.G154V,Substitution - Missense,null,null,38,17:7675151-7675151,+,n,-,PATHOGENIC,0.98016,Confirmed somatic variant,29681454,null,NS,NS,null
TRAPPC10,ENST00000291574.8,3780,11868,HCC2108,2776297,2634433,lung,NS,NS,NS,carcinoma,adenocarcinoma,NS,NS,y,COSV99066477,COSM7394850,85222921,c.1298C>G,p.T433R,Substitution - Missense,null,null,38,21:44075151-44075151,+,n,-,PATHOGENIC,0.98744,Confirmed somatic variant,29681454,null,NS,NS,null
DCTN5_ENST00000568589,ENST00000568589.5,468,24594,HCC2108,2776297,2634433,lung,NS,NS,NS,carcinoma,adenocarcinoma,NS,NS,y,COSV99037791,COSM7363897,136901963,c.339C>G,p.N113K,Substitution - Missense,null,null,38,16:23661272-23661272,+,n,-,PATHOGENIC,0.9394,Confirmed somatic variant,29681454,null,NS,NS,null
TRPM6,ENST00000360774.5,6069,17995,HCC2108,2776297,2634433,lung,NS,NS,NS,carcinoma,adenocarcinoma,NS,NS,y,COSV99054265,COSM7395281,97145352,c.2988G>T,p.K996N,Substitution - Missense,null,null,38,9:74782785-74782785,+,n,-,PATHOGENIC,0.87702,Confirmed somatic variant,29681454,null,NS,NS,null
OR11H4_ENST00000641082,ENST00000641082.1,945,15347,HCC2108,2776297,2634433,lung,NS,NS,NS,carcinoma,adenocarcinoma,NS,NS,y,COSV99043772,COSM7381196,148738616,c.113C>A,p.T38N,Substitution - Missense,null,null,38,14:20242934-20242934,+,n,-,NEUTRAL,0.38981,Confirmed somatic variant,29681454,null,NS,NS,null
ATG4C,ENST00000317868.8,1377,16040,HCC2108,2776297,2634433,lung,NS,NS,NS,carcinoma,adenocarcinoma,NS,NS,y,COSV99049440,COSM7356827,92435323,c.350A>T,p.Q117L,Substitution - Missense,null,null,38,1:62816764-62816764,+,n,-,PATHOGENIC,0.98854,Confirmed somatic variant,29681454,null,NS,NS,null
SLC4A5,ENST00000346834.8,3414,18168,HCC2108,2776297,2634433,lung,NS,NS,NS,carcinoma,adenocarcinoma,NS,NS,y,COSV99053695,COSM7390668,91722314,c.1456G>T,p.E486*,Substitution - Nonsense,null,null,38,2:74252201-74252201,+,n,-,PATHOGENIC,0.98679,Confirmed somatic variant,29681454,null,NS,NS,null
PTGER3,ENST00000356595.8,1257,9595,HCC2108,2776297,2634433,lung,NS,NS,NS,carcinoma,adenocarcinoma,NS,NS,y,COSV99053170,COSM7386052,93306496,c.65C>A,p.T22K,Substitution - Missense,null,null,38,1:71047513-71047513,+,n,-,NEUTRAL,0.12507,Confirmed somatic variant,29681454,null,NS,NS,null
PTGER3_ENST00000354608,ENST00000354608.9,1239,9595,HCC2108,2776297,2634433,lung,NS,NS,NS,carcinoma,adenocarcinoma,NS,NS,y,COSV99053170,COSM7386052,89472638,c.65C>A,p.T22K,Substitution - Missense,null,null,38,1:71047513-71047513,+,n,-,NEUTRAL,0.12507,Confirmed somatic variant,29681454,null,NS,NS,null
GON4L_ENST00000271883,ENST00000271883.9,6723,25973,HCC2108,2776297,2634433,lung,NS,NS,NS,carcinoma,adenocarcinoma,NS,NS,y,COSV99041817,COSM7369765,84602282,c.4709C>G,p.T1570S,Substitution - Missense,null,null,38,1:155763329-155763329,+,n,-,PATHOGENIC,0.77716,Confirmed somatic variant,29681454,null,NS,NS,null
RC3H2_ENST00000423239,ENST00000423239.6,3195,21461,HCC2108,2776297,2634433,lung,NS,NS,NS,carcinoma,adenocarcinoma,NS,NS,y,COSV99057244,COSM7387122,109494906,c.2327G>T,p.R776I,Substitution - Missense,null,null,38,9:122858050-122858050,+,n,-,PATHOGENIC,0.92873,Confirmed somatic variant,29681454,null,NS,NS,null
FUS_ENST00000380244,ENST00000380244.7,1578,4010,HCC2108,2776297,2634433,lung,NS,NS,NS,carcinoma,adenocarcinoma,NS,NS,y,COSV99038737,COSM7368939,99186507,c.1391-2A>G,p.?,Unknown,null,null,38,16:31190961-31190961,+,n,-,PATHOGENIC,0.92838,Confirmed somatic variant,29681454,null,NS,NS,null
DST,ENST00000312431.10,16614,1090,HCC2108,2776297,2634433,lung,NS,NS,NS,carcinoma,adenocarcinoma,NS,NS,y,COSV55012166,COSM260600,92576628,c.4417-2376G>A,p.?,Unknown,null,null,38,6:56616860-56616860,+,n,-,PATHOGENIC,0.90183,Confirmed somatic variant,29681454,null,NS,NS,null
PALMD_ENST00000615664,ENST00000615664.1,1416,15846,HCC2108,2776297,2634433,lung,NS,NS,NS,carcinoma,adenocarcinoma,NS,NS,y,COSV99073120,COSM7382298,143018140,c.1142C>T,p.P381L,Substitution - Missense,null,null,38,1:99689642-99689642,+,n,-,NEUTRAL,0.34399,Confirmed somatic variant,29681454,null,NS,NS,null
CALN1_ENST00000431984,ENST00000431984.5,660,13248,HCC2108,2776297,2634433,lung,NS,NS,NS,carcinoma,adenocarcinoma,NS,NS,y,COSV99059950,COSM7359330,106928652,c.486G>T,p.E162D,Substitution - Missense,null,null,38,7:71810382-71810382,+,n,-,PATHOGENIC,0.90253,Confirmed somatic variant,29681454,null,NS,NS,null
ARID5B_ENST00000644638,ENST00000644638.1,765,17362,HCC2108,2776297,2634433,lung,NS,NS,NS,carcinoma,adenocarcinoma,NS,NS,y,COSV99039495,COSM7356419,151204400,c.503-1G>T,p.?,Unknown,null,null,38,10:62000090-62000090,+,n,-,PATHOGENIC,0.98477,Confirmed somatic variant,29681454,null,NS,NS,null
MFAP5_ENST00000396549,ENST00000396549.6,492,29673,HCC2108,2776297,2634433,lung,NS,NS,NS,carcinoma,adenocarcinoma,NS,NS,y,COSV99053684,COSM7376986,99041871,c.415A>G,p.R139G,Substitution - Missense,null,null,38,12:8648168-8648168,+,n,-,PATHOGENIC,0.71519,Confirmed somatic variant,29681454,null,NS,NS,null
FBN2_ENST00000619499,ENST00000619499.4,8736,3604,HCC2108,2776297,2634433,lung,NS,NS,NS,carcinoma,adenocarcinoma,NS,NS,y,COSV99078626,COSM7367855,145506823,c.5998T>C,p.C2000R,Substitution - Missense,null,null,38,5:128301427-128301427,+,n,-,PATHOGENIC,0.98913,Confirmed somatic variant,29681454,null,NS,NS,null
ADGRL2_ENST00000319517,ENST00000319517.10,4212,18582,HCC2108,2776297,2634433,lung,NS,NS,NS,carcinoma,adenocarcinoma,NS,NS,y,COSV54683879,COSM5518177,89651268,c.2122C>T,p.R708W,Substitution - Missense,null,null,38,1:81966433-81966433,+,y,-,PATHOGENIC,0.93113,Confirmed somatic variant,29681454,null,NS,NS,null
ADGRL2_ENST00000370715,ENST00000370715.5,3534,18582,HCC2108,2776297,2634433,lung,NS,NS,NS,carcinoma,adenocarcinoma,NS,NS,y,COSV54683879,COSM5518177,96644714,c.2122C>T,p.R708W,Substitution - Missense,null,null,38,1:81966433-81966433,+,y,-,PATHOGENIC,0.93113,Confirmed somatic variant,29681454,null,NS,NS,null
SLC5A9,ENST00000236495.9,2121,22146,HCC2108,2776297,2634433,lung,NS,NS,NS,carcinoma,adenocarcinoma,NS,NS,y,COSV99030376,COSM7390729,85989524,c.142G>A,p.V48I,Substitution - Missense,null,null,38,1:48222878-48222878,+,n,-,PATHOGENIC,0.95679,Confirmed somatic variant,29681454,null,NS,NS,null
TP53_ENST00000504290,ENST00000504290.5,645,11998,HCC2108,2776297,2634433,lung,NS,NS,NS,carcinoma,adenocarcinoma,NS,NS,y,COSV52667239,COSM342245,122736808,c.65G>T,p.G22V,Substitution - Missense,null,null,38,17:7675151-7675151,+,n,-,PATHOGENIC,0.98016,Confirmed somatic variant,29681454,null,NS,NS,null
KIAA1109,ENST00000264501.8,15018,26953,HCC2108,2776297,2634433,lung,NS,NS,NS,carcinoma,adenocarcinoma,NS,NS,y,COSV99063757,COSM7373567,88310272,c.887A>T,p.Y296F,Substitution - Missense,null,null,38,4:122190065-122190065,+,n,-,PATHOGENIC,0.99766,Confirmed somatic variant,29681454,null,NS,NS,null
OR4K1,ENST00000641429.1,936,14726,HCC2108,2776297,2634433,lung,NS,NS,NS,carcinoma,adenocarcinoma,NS,NS,y,COSV99035407,COSM7381513,146372917,c.396C>A,p.Y132*,Substitution - Nonsense,null,null,38,14:19936062-19936062,+,n,-,NEUTRAL,0.07789,Confirmed somatic variant,29681454,null,NS,NS,null
ZNF804B_ENST00000611114,ENST00000611114.1,3801,21958,HCC2108,2776297,2634433,lung,NS,NS,NS,carcinoma,adenocarcinoma,NS,NS,y,COSV99048309,COSM7399708,142176256,c.1378C>A,p.P460T,Substitution - Missense,null,null,38,7:89334609-89334609,+,n,-,NEUTRAL,0.16626,Confirmed somatic variant,29681454,null,NS,NS,null
ANKRD50,ENST00000504087.5,4290,29223,HCC2108,2776297,2634433,lung,NS,NS,NS,carcinoma,adenocarcinoma,NS,NS,y,COSV99073518,COSM7355704,121963749,c.3596C>A,p.A1199E,Substitution - Missense,null,null,38,4:124669681-124669681,+,n,-,PATHOGENIC,0.99295,Confirmed somatic variant,29681454,null,NS,NS,null
HSD17B2,ENST00000199936.8,1164,5211,HCC2108,2776297,2634433,lung,NS,NS,NS,carcinoma,adenocarcinoma,NS,NS,y,COSV99077054,COSM7371540,85163151,c.965T>A,p.L322Q,Substitution - Missense,null,null,38,16:82098237-82098237,+,n,-,PATHOGENIC,0.71456,Confirmed somatic variant,29681454,null,NS,NS,null
HBE1_ENST00000380237,ENST00000380237.5,444,4830,HCC2108,2776297,2634433,lung,NS,NS,NS,carcinoma,adenocarcinoma,NS,NS,y,COSV58298097,COSM3764310,99140086,c.-310+51734A>T,p.?,Unknown,null,null,38,11:5453835-5453835,+,n,-,PATHOGENIC,0.93725,Confirmed somatic variant,29681454,null,NS,NS,null
KRAS_ENST00000311936,ENST00000311936.7,567,6407,HCC2108,2776297,2634433,lung,NS,NS,NS,carcinoma,adenocarcinoma,NS,NS,y,COSV55498802,COSM1135364,91860399,c.183A>C,p.Q61H,Substitution - Missense,null,null,38,12:25227341-25227341,+,n,-,PATHOGENIC,0.93196,Confirmed somatic variant,29681454,null,NS,NS,null
TP53_ENST00000610623,ENST00000610623.4,564,11998,HCC2108,2776297,2634433,lung,NS,NS,NS,carcinoma,adenocarcinoma,NS,NS,y,COSV52667239,COSM342245,143946675,c.-17G>T,p.?,Unknown,null,null,38,17:7675151-7675151,+,n,-,PATHOGENIC,0.98016,Confirmed somatic variant,29681454,null,NS,NS,null
FOXP2_ENST00000635534,ENST00000635534.1,2139,13875,HCC2108,2776297,2634433,lung,NS,NS,NS,carcinoma,adenocarcinoma,NS,NS,y,COSV99052972,COSM7368678,146191077,c.1345G>A,p.A449T,Substitution - Missense,null,null,38,7:114658153-114658153,+,n,-,PATHOGENIC,0.99221,Confirmed somatic variant,29681454,null,NS,NS,null
COL12A1_ENST00000483888,ENST00000483888.6,9189,2188,HCC2108,2776297,2634433,lung,NS,NS,NS,carcinoma,adenocarcinoma,NS,NS,y,COSV59390625,COSM260207,119206239,c.2728G>T,p.D910Y,Substitution - Missense,null,null,38,6:75165762-75165762,+,n,-,NEUTRAL,0.1463,Confirmed somatic variant,29681454,null,NS,NS,null
ADGRL2_ENST00000370725,ENST00000370725.5,4425,18582,HCC2108,2776297,2634433,lung,NS,NS,NS,carcinoma,adenocarcinoma,NS,NS,y,COSV54683879,COSM5518177,96837723,c.2161C>T,p.R721W,Substitution - Missense,null,null,38,1:81966433-81966433,+,y,-,PATHOGENIC,0.93113,Confirmed somatic variant,29681454,null,NS,NS,null
MUC16,ENST00000397910.8,43524,15582,HCC2108,2776297,2634433,lung,NS,NS,NS,carcinoma,adenocarcinoma,NS,NS,y,COSV99064265,COSM7377959,101736367,c.32699C>T,p.P10900L,Substitution - Missense,null,null,38,19:8938256-8938256,+,n,-,NEUTRAL,0.0151,Confirmed somatic variant,29681454,null,NS,NS,null
FADS2_ENST00000574708,ENST00000574708.5,168,3575,HCC2108,2776297,2634433,lung,NS,NS,NS,carcinoma,adenocarcinoma,NS,NS,y,COSV99045384,COSM7368116,138179500,c.-55+3214T>C,p.?,Unknown,null,null,38,11:61796242-61796242,+,n,-,PATHOGENIC,0.92688,Confirmed somatic variant,29681454,null,NS,NS,null
HRH3_ENST00000317393,ENST00000317393.10,1122,5184,HCC2108,2776297,2634433,lung,NS,NS,NS,carcinoma,adenocarcinoma,NS,NS,y,COSV99079785,COSM7371505,92028611,c.822-114G>T,p.?,Unknown,null,null,38,20:62216396-62216396,+,n,-,null,0.59665,Confirmed somatic variant,29681454,null,NS,NS,null
CATSPER3,ENST00000282611.7,1197,20819,HCC2108,2776297,2634433,lung,NS,NS,NS,carcinoma,adenocarcinoma,NS,NS,y,COSV99031480,COSM7359602,85424205,c.962G>T,p.S321I,Substitution - Missense,null,null,38,5:135010398-135010398,+,n,-,NEUTRAL,0.47076,Confirmed somatic variant,29681454,null,NS,NS,null
FOXP2_ENST00000635638,ENST00000635638.1,2151,13875,HCC2108,2776297,2634433,lung,NS,NS,NS,carcinoma,adenocarcinoma,NS,NS,y,COSV99052972,COSM7368678,146509077,c.1357G>A,p.A453T,Substitution - Missense,null,null,38,7:114658153-114658153,+,n,-,PATHOGENIC,0.99221,Confirmed somatic variant,29681454,null,NS,NS,null
TP53_ENST00000504937,ENST00000504937.5,786,11998,HCC2108,2776297,2634433,lung,NS,NS,NS,carcinoma,adenocarcinoma,NS,NS,y,COSV52667239,COSM342245,122274316,c.65G>T,p.G22V,Substitution - Missense,null,null,38,17:7675151-7675151,+,n,-,PATHOGENIC,0.98016,Confirmed somatic variant,29681454,null,NS,NS,null
RIN2,ENST00000255006.10,2835,18750,HCC2108,2776297,2634433,lung,NS,NS,NS,carcinoma,adenocarcinoma,NS,NS,y,COSV99068829,COSM7387603,87261637,c.1607T>G,p.F536C,Substitution - Missense,null,null,38,20:19975485-19975485,+,n,-,PATHOGENIC,0.92528,Confirmed somatic variant,29681454,null,NS,NS,null
MFAP5,ENST00000359478.6,522,29673,HCC2108,2776297,2634433,lung,NS,NS,NS,carcinoma,adenocarcinoma,NS,NS,y,COSV99053684,COSM7376986,97580235,c.445A>G,p.R149G,Substitution - Missense,null,null,38,12:8648168-8648168,+,n,-,PATHOGENIC,0.71519,Confirmed somatic variant,29681454,null,NS,NS,null
SULF1_ENST00000419716,ENST00000419716.7,2616,20391,HCC2108,2776297,2634433,lung,NS,NS,NS,carcinoma,adenocarcinoma,NS,NS,y,COSV99036113,COSM7392423,106504219,c.1854T>A,p.C618*,Substitution - Nonsense,null,null,38,8:69627213-69627213,+,n,-,null,0.64731,Confirmed somatic variant,29681454,null,NS,NS,null
FOXP2_ENST00000393489,ENST00000393489.7,1872,13875,HCC2108,2776297,2634433,lung,NS,NS,NS,carcinoma,adenocarcinoma,NS,NS,y,COSV99052972,COSM7368678,101573888,c.1078G>A,p.A360T,Substitution - Missense,null,null,38,7:114658153-114658153,+,n,-,PATHOGENIC,0.99221,Confirmed somatic variant,29681454,null,NS,NS,null
OR4K1_ENST00000285600,ENST00000285600.4,936,14726,HCC2108,2776297,2634433,lung,NS,NS,NS,carcinoma,adenocarcinoma,NS,NS,y,COSV99035407,COSM7381513,86995934,c.396C>A,p.Y132*,Substitution - Nonsense,null,null,38,14:19936062-19936062,+,n,-,NEUTRAL,0.07789,Confirmed somatic variant,29681454,null,NS,NS,null
ADGRL2_ENST00000370721,ENST00000370721.5,4155,18582,HCC2108,2776297,2634433,lung,NS,NS,NS,carcinoma,adenocarcinoma,NS,NS,y,COSV54683879,COSM5518177,96717773,c.1936C>T,p.R646W,Substitution - Missense,null,null,38,1:81966433-81966433,+,y,-,PATHOGENIC,0.93113,Confirmed somatic variant,29681454,null,NS,NS,null
FUS,ENST00000254108.11,1581,4010,HCC2108,2776297,2634433,lung,NS,NS,NS,carcinoma,adenocarcinoma,NS,NS,y,COSV99038737,COSM7368939,86845629,c.1394-2A>G,p.?,Unknown,null,null,38,16:31190961-31190961,+,n,-,PATHOGENIC,0.92838,Confirmed somatic variant,29681454,null,NS,NS,null
CALN1_ENST00000405452,ENST00000405452.3,288,13248,HCC2108,2776297,2634433,lung,NS,NS,NS,carcinoma,adenocarcinoma,NS,NS,y,COSV99059950,COSM7359330,105627988,c.114G>T,p.E38D,Substitution - Missense,null,null,38,7:71810382-71810382,+,n,-,PATHOGENIC,0.90253,Confirmed somatic variant,29681454,null,NS,NS,null
ITIH6,ENST00000218436.6,3942,28907,HCC2108,2776297,2634433,lung,NS,NS,NS,carcinoma,adenocarcinoma,NS,NS,y,COSV99029264,COSM7372701,86845339,c.3367G>A,p.G1123R,Substitution - Missense,null,null,38,23:54751366-54751366,+,n,-,null,0.67722,Confirmed somatic variant,29681454,null,NS,NS,null
MYO7B_ENST00000409816,ENST00000409816.6,6351,7607,HCC2108,2776297,2634433,lung,NS,NS,NS,carcinoma,adenocarcinoma,NS,NS,y,COSV67346109,COSM1659049,103157488,c.3502G>A,p.E1168K,Substitution - Missense,null,null,38,2:127622036-127622036,+,y,-,PATHOGENIC,0.96961,Confirmed somatic variant,29681454,null,NS,NS,null
AJAP1_ENST00000378190,ENST00000378190.7,1236,30801,HCC2108,2776297,2634433,lung,NS,NS,NS,carcinoma,adenocarcinoma,NS,NS,y,COSV99081043,COSM7354981,98281084,c.827C>G,p.S276*,Substitution - Nonsense,null,null,38,1:4712697-4712697,+,n,-,PATHOGENIC,0.9854,Confirmed somatic variant,29681454,null,NS,NS,null
FOXJ3_ENST00000372571,ENST00000372571.5,411,29178,HCC2108,2776297,2634433,lung,NS,NS,NS,carcinoma,adenocarcinoma,NS,NS,y,COSV99055798,COSM7368651,94512991,c.67T>C,p.C23R,Substitution - Missense,null,null,38,1:42188857-42188857,+,n,-,PATHOGENIC,0.98208,Confirmed somatic variant,29681454,null,NS,NS,null
ZNF804B,ENST00000333190.4,4050,21958,HCC2108,2776297,2634433,lung,NS,NS,NS,carcinoma,adenocarcinoma,NS,NS,y,COSV99048309,COSM7399708,92038066,c.1627C>A,p.P543T,Substitution - Missense,null,null,38,7:89334609-89334609,+,n,-,NEUTRAL,0.16626,Confirmed somatic variant,29681454,null,NS,NS,null
TP53_ENST00000619485,ENST00000619485.4,1065,11998,HCC2108,2776297,2634433,lung,NS,NS,NS,carcinoma,adenocarcinoma,NS,NS,y,COSV52667239,COSM342245,145020887,c.344G>T,p.G115V,Substitution - Missense,null,null,38,17:7675151-7675151,+,n,-,PATHOGENIC,0.98016,Confirmed somatic variant,29681454,null,NS,NS,null
RBM10_ENST00000628161,ENST00000628161.2,2559,9896,HCC2108,2776297,2634433,lung,NS,NS,NS,carcinoma,adenocarcinoma,NS,NS,y,COSV99051447,COSM7387016,145522205,c.764G>T,p.R255L,Substitution - Missense,null,null,38,23:47179973-47179973,+,n,-,PATHOGENIC,0.97333,Confirmed somatic variant,29681454,null,NS,NS,null
RIN2_ENST00000440354,ENST00000440354.2,1389,18750,HCC2108,2776297,2634433,lung,NS,NS,NS,carcinoma,adenocarcinoma,NS,NS,y,COSV99068829,COSM7387603,107403493,c.464-14521T>G,p.?,Unknown,null,null,38,20:19975485-19975485,+,n,-,PATHOGENIC,0.92528,Confirmed somatic variant,29681454,null,NS,NS,null
FGA_ENST00000622532,ENST00000622532.1,870,3661,HCC2108,2776297,2634433,lung,NS,NS,NS,carcinoma,adenocarcinoma,NS,NS,y,COSV99042801,COSM7368159,144483268,c.644-492C>G,p.?,Unknown,null,null,38,4:154586202-154586202,+,n,-,PATHOGENIC,0.76847,Confirmed somatic variant,29681454,null,NS,NS,null
HBE1,ENST00000292896.3,444,4830,HCC2108,2776297,2634433,lung,NS,NS,NS,carcinoma,adenocarcinoma,NS,NS,y,COSV58298097,COSM3764310,85751727,c.-267+51734A>T,p.?,Unknown,null,null,38,11:5453835-5453835,+,n,-,PATHOGENIC,0.93725,Confirmed somatic variant,29681454,null,NS,NS,null
SULF1_ENST00000616868,ENST00000616868.1,2010,20391,HCC2108,2776297,2634433,lung,NS,NS,NS,carcinoma,adenocarcinoma,NS,NS,y,COSV99036113,COSM7392423,142193939,c.1206T>A,p.C402*,Substitution - Nonsense,null,null,38,8:69627213-69627213,+,n,-,null,0.64731,Confirmed somatic variant,29681454,null,NS,NS,null
AJAP1,ENST00000378191.4,1236,30801,HCC2108,2776297,2634433,lung,NS,NS,NS,carcinoma,adenocarcinoma,NS,NS,y,COSV99081043,COSM7354981,98292722,c.827C>G,p.S276*,Substitution - Nonsense,null,null,38,1:4712697-4712697,+,n,-,PATHOGENIC,0.9854,Confirmed somatic variant,29681454,null,NS,NS,null
OTUD3,ENST00000375120.3,1197,29038,HCC2108,2776297,2634433,lung,NS,NS,NS,carcinoma,adenocarcinoma,NS,NS,y,COSV99056119,COSM7382086,98187505,c.905G>T,p.G302V,Substitution - Missense,null,null,38,1:19906501-19906501,+,n,-,PATHOGENIC,0.98227,Confirmed somatic variant,29681454,null,NS,NS,null
ADGRL2_ENST00000370727,ENST00000370727.5,4296,18582,HCC2108,2776297,2634433,lung,NS,NS,NS,carcinoma,adenocarcinoma,NS,NS,y,COSV54683879,COSM5518177,96894322,c.2161C>T,p.R721W,Substitution - Missense,null,null,38,1:81966433-81966433,+,y,-,PATHOGENIC,0.93113,Confirmed somatic variant,29681454,null,NS,NS,null
MFAP5_ENST00000433590,ENST00000433590.6,447,29673,HCC2108,2776297,2634433,lung,NS,NS,NS,carcinoma,adenocarcinoma,NS,NS,y,COSV99053684,COSM7376986,110018946,c.370A>G,p.R124G,Substitution - Missense,null,null,38,12:8648168-8648168,+,n,-,PATHOGENIC,0.71519,Confirmed somatic variant,29681454,null,NS,NS,null
